service,profile,file,class,test_method,is_complex_method,call_index,call_expected_status_code,endpoint,http,asserted_code,asserts_the_expected_HTTP_status_codes?,assert_count,missing_url_parameter_values,missing_request_body,credentials_header,file_type,file_path,imports_count,wildcard_imports,compiled,compile_error_count,compile_error_types,missing_imports,incorrect_imports,unused_imports,dependency_availability_pct,syntax_errors,type_errors,undefined_variables,type_annotation_errors,generic_type_misuses,compile_exit_code,compile_timeout,compile_error_summary,class_log_dir,compile_log_path,compile_stdout_log_path,compile_stderr_log_path,runs,run_detected,runtime_error_count,runtime_error_types,run_exit_code,run_timeout,execution_seconds,cpu_seconds,peak_working_set_mb,run_error_summary,method_log_dir,run_log_path,run_stdout_log_path,run_stderr_log_path
ts-admin-basic-service,admin,EvoMaster_ts-admin-basic-service_admin_faults.java,EvoMaster_ts_admin_basic_service_admin_faults,test_0_postOnPricesReturnsMismatchResponseWithSchema,False,1,503,/api/v1/adminbasicservice/adminbasic/prices,POST,503,.statusCode(503) .assertThat(),6,".post(baseUrlOfSut + ""/api/v1/adminbasicservice/adminbasic/prices"")",".body("" { "" + 
                    "" \""id\"": \""ttS\"", "" + 
                    "" \""trainType\"": \""\"", "" + 
                    "" \""routeId\"": \""VjlEN\"", "" + 
                    "" \""basicPriceRate\"": 0.08126380273119327 "" + 
                    "" } "")",".header(""Authorization"", ""Bearer eyJhbGciOiJIUzI1NiJ9.eyJzdWIiOiJhZG1pbiIsInJvbGVzIjpbIlJPTEVfQURNSU4iXSwiaWQiOiI3YWRkZDMyZC1lODgyLTQ4ZjUtODFkMi0wOGIwODE4NmNmMWIiLCJpYXQiOjE3Nzc4NzkxMjcsImV4cCI6MTc3Nzg4MjcyN30.VwywVTRiKZSLt9_dKLaFjQzhHBm1-HeJV3Y7BHKuorA"")",faults,/mnt/train-ticket-aitest/evomaster/generated-tests/blackbox/ts-admin-basic-service/admin/EvoMaster_ts-admin-basic-service_admin_faults.java,21,6,True,0,,0,0,,100.0,0,0,0,0,0,0,False,,/mnt/train-ticket-aitest/evomaster/evomaster-config/runtime-logs/classes/ts-admin-basic-service/admin/EvoMaster_ts_admin_basic_service_admin_faults,/mnt/train-ticket-aitest/evomaster/evomaster-config/runtime-logs/classes/ts-admin-basic-service/admin/EvoMaster_ts_admin_basic_service_admin_faults/compile.log,/mnt/train-ticket-aitest/evomaster/evomaster-config/runtime-logs/classes/ts-admin-basic-service/admin/EvoMaster_ts_admin_basic_service_admin_faults/compile_stdout.log,/mnt/train-ticket-aitest/evomaster/evomaster-config/runtime-logs/classes/ts-admin-basic-service/admin/EvoMaster_ts_admin_basic_service_admin_faults/compile_stderr.log,False,True,1,java.lang.AssertionError;test_failure,1,False,15.06,12.74,172.33,"Tests run: 1, Failures: 1, Errors: 0, Skipped: 0",/mnt/train-ticket-aitest/evomaster/evomaster-config/runtime-logs/methods/ts-admin-basic-service/admin/EvoMaster_ts_admin_basic_service_admin_faults/test_0_postOnPricesReturnsMismatchResponseWithSchema,/mnt/train-ticket-aitest/evomaster/evomaster-config/runtime-logs/methods/ts-admin-basic-service/admin/EvoMaster_ts_admin_basic_service_admin_faults/test_0_postOnPricesReturnsMismatchResponseWithSchema/run.log,/mnt/train-ticket-aitest/evomaster/evomaster-config/runtime-logs/methods/ts-admin-basic-service/admin/EvoMaster_ts_admin_basic_service_admin_faults/test_0_postOnPricesReturnsMismatchResponseWithSchema/run_stdout.log,/mnt/train-ticket-aitest/evomaster/evomaster-config/runtime-logs/methods/ts-admin-basic-service/admin/EvoMaster_ts_admin_basic_service_admin_faults/test_0_postOnPricesReturnsMismatchResponseWithSchema/run_stderr.log
ts-admin-basic-service,admin,EvoMaster_ts-admin-basic-service_admin_faults.java,EvoMaster_ts_admin_basic_service_admin_faults,test_1_deleteOnStationShowsFaults_100_101,False,1,500,/api/v1/adminbasicservice/adminbasic/stations/{id},DELETE,500,.statusCode(500) .assertThat(),6,".delete(baseUrlOfSut + ""/api/v1/adminbasicservice/adminbasic/stations/uKycmaEgQw4D4cf0"")",,".header(""Authorization"", ""Bearer eyJhbGciOiJIUzI1NiJ9.eyJzdWIiOiJhZG1pbiIsInJvbGVzIjpbIlJPTEVfQURNSU4iXSwiaWQiOiI3YWRkZDMyZC1lODgyLTQ4ZjUtODFkMi0wOGIwODE4NmNmMWIiLCJpYXQiOjE3Nzc4NzkxMjcsImV4cCI6MTc3Nzg4MjcyN30.VwywVTRiKZSLt9_dKLaFjQzhHBm1-HeJV3Y7BHKuorA"")",faults,/mnt/train-ticket-aitest/evomaster/generated-tests/blackbox/ts-admin-basic-service/admin/EvoMaster_ts-admin-basic-service_admin_faults.java,21,6,True,0,,0,0,,100.0,0,0,0,0,0,0,False,,/mnt/train-ticket-aitest/evomaster/evomaster-config/runtime-logs/classes/ts-admin-basic-service/admin/EvoMaster_ts_admin_basic_service_admin_faults,/mnt/train-ticket-aitest/evomaster/evomaster-config/runtime-logs/classes/ts-admin-basic-service/admin/EvoMaster_ts_admin_basic_service_admin_faults/compile.log,/mnt/train-ticket-aitest/evomaster/evomaster-config/runtime-logs/classes/ts-admin-basic-service/admin/EvoMaster_ts_admin_basic_service_admin_faults/compile_stdout.log,/mnt/train-ticket-aitest/evomaster/evomaster-config/runtime-logs/classes/ts-admin-basic-service/admin/EvoMaster_ts_admin_basic_service_admin_faults/compile_stderr.log,False,True,1,java.lang.AssertionError;test_failure,1,False,14.56,12.13,152.45,"Tests run: 1, Failures: 1, Errors: 0, Skipped: 0",/mnt/train-ticket-aitest/evomaster/evomaster-config/runtime-logs/methods/ts-admin-basic-service/admin/EvoMaster_ts_admin_basic_service_admin_faults/test_1_deleteOnStationShowsFaults_100_101,/mnt/train-ticket-aitest/evomaster/evomaster-config/runtime-logs/methods/ts-admin-basic-service/admin/EvoMaster_ts_admin_basic_service_admin_faults/test_1_deleteOnStationShowsFaults_100_101/run.log,/mnt/train-ticket-aitest/evomaster/evomaster-config/runtime-logs/methods/ts-admin-basic-service/admin/EvoMaster_ts_admin_basic_service_admin_faults/test_1_deleteOnStationShowsFaults_100_101/run_stdout.log,/mnt/train-ticket-aitest/evomaster/evomaster-config/runtime-logs/methods/ts-admin-basic-service/admin/EvoMaster_ts_admin_basic_service_admin_faults/test_1_deleteOnStationShowsFaults_100_101/run_stderr.log
ts-admin-basic-service,admin,EvoMaster_ts-admin-basic-service_admin_others.java,EvoMaster_ts_admin_basic_service_admin_others,test_0_getOnPricesReturnsNull,False,1,,/api/v1/adminbasicservice/adminbasic/prices,GET,,,1,".get(baseUrlOfSut + ""/api/v1/adminbasicservice/adminbasic/prices"")",,".header(""Authorization"", ""Bearer eyJhbGciOiJIUzI1NiJ9.eyJzdWIiOiJhZG1pbiIsInJvbGVzIjpbIlJPTEVfQURNSU4iXSwiaWQiOiI3YWRkZDMyZC1lODgyLTQ4ZjUtODFkMi0wOGIwODE4NmNmMWIiLCJpYXQiOjE3Nzc4NzkxMjcsImV4cCI6MTc3Nzg4MjcyN30.VwywVTRiKZSLt9_dKLaFjQzhHBm1-HeJV3Y7BHKuorA"")",others,/mnt/train-ticket-aitest/evomaster/generated-tests/blackbox/ts-admin-basic-service/admin/EvoMaster_ts-admin-basic-service_admin_others.java,21,6,True,0,,0,0,,100.0,0,0,0,0,0,0,False,,/mnt/train-ticket-aitest/evomaster/evomaster-config/runtime-logs/classes/ts-admin-basic-service/admin/EvoMaster_ts_admin_basic_service_admin_others,/mnt/train-ticket-aitest/evomaster/evomaster-config/runtime-logs/classes/ts-admin-basic-service/admin/EvoMaster_ts_admin_basic_service_admin_others/compile.log,/mnt/train-ticket-aitest/evomaster/evomaster-config/runtime-logs/classes/ts-admin-basic-service/admin/EvoMaster_ts_admin_basic_service_admin_others/compile_stdout.log,/mnt/train-ticket-aitest/evomaster/evomaster-config/runtime-logs/classes/ts-admin-basic-service/admin/EvoMaster_ts_admin_basic_service_admin_others/compile_stderr.log,True,True,0,,0,False,14.63,12.21,148.25,Test passed (detected via Surefire XML),/mnt/train-ticket-aitest/evomaster/evomaster-config/runtime-logs/methods/ts-admin-basic-service/admin/EvoMaster_ts_admin_basic_service_admin_others/test_0_getOnPricesReturnsNull,/mnt/train-ticket-aitest/evomaster/evomaster-config/runtime-logs/methods/ts-admin-basic-service/admin/EvoMaster_ts_admin_basic_service_admin_others/test_0_getOnPricesReturnsNull/run.log,/mnt/train-ticket-aitest/evomaster/evomaster-config/runtime-logs/methods/ts-admin-basic-service/admin/EvoMaster_ts_admin_basic_service_admin_others/test_0_getOnPricesReturnsNull/run_stdout.log,/mnt/train-ticket-aitest/evomaster/evomaster-config/runtime-logs/methods/ts-admin-basic-service/admin/EvoMaster_ts_admin_basic_service_admin_others/test_0_getOnPricesReturnsNull/run_stderr.log
ts-admin-basic-service,none,EvoMaster_ts-admin-basic-service_none_faults.java,EvoMaster_ts_admin_basic_service_none_faults,test_0_postOnPricesReturnsMismatchResponseWithSchema,False,1,503,/api/v1/adminbasicservice/adminbasic/prices,POST,503,.statusCode(503) .assertThat(),6,".post(baseUrlOfSut + ""/api/v1/adminbasicservice/adminbasic/prices"")",".body("" { "" + 
                    "" \""id\"": \""hL\"" "" + 
                    "" } "")",,faults,/mnt/train-ticket-aitest/evomaster/generated-tests/blackbox/ts-admin-basic-service/none/EvoMaster_ts-admin-basic-service_none_faults.java,21,6,True,0,,0,0,,100.0,0,0,0,0,0,0,False,,/mnt/train-ticket-aitest/evomaster/evomaster-config/runtime-logs/classes/ts-admin-basic-service/none/EvoMaster_ts_admin_basic_service_none_faults,/mnt/train-ticket-aitest/evomaster/evomaster-config/runtime-logs/classes/ts-admin-basic-service/none/EvoMaster_ts_admin_basic_service_none_faults/compile.log,/mnt/train-ticket-aitest/evomaster/evomaster-config/runtime-logs/classes/ts-admin-basic-service/none/EvoMaster_ts_admin_basic_service_none_faults/compile_stdout.log,/mnt/train-ticket-aitest/evomaster/evomaster-config/runtime-logs/classes/ts-admin-basic-service/none/EvoMaster_ts_admin_basic_service_none_faults/compile_stderr.log,False,True,1,java.lang.AssertionError;test_failure,1,False,14.17,11.92,150.83,"Tests run: 1, Failures: 1, Errors: 0, Skipped: 0",/mnt/train-ticket-aitest/evomaster/evomaster-config/runtime-logs/methods/ts-admin-basic-service/none/EvoMaster_ts_admin_basic_service_none_faults/test_0_postOnPricesReturnsMismatchResponseWithSchema,/mnt/train-ticket-aitest/evomaster/evomaster-config/runtime-logs/methods/ts-admin-basic-service/none/EvoMaster_ts_admin_basic_service_none_faults/test_0_postOnPricesReturnsMismatchResponseWithSchema/run.log,/mnt/train-ticket-aitest/evomaster/evomaster-config/runtime-logs/methods/ts-admin-basic-service/none/EvoMaster_ts_admin_basic_service_none_faults/test_0_postOnPricesReturnsMismatchResponseWithSchema/run_stdout.log,/mnt/train-ticket-aitest/evomaster/evomaster-config/runtime-logs/methods/ts-admin-basic-service/none/EvoMaster_ts_admin_basic_service_none_faults/test_0_postOnPricesReturnsMismatchResponseWithSchema/run_stderr.log
ts-admin-basic-service,none,EvoMaster_ts-admin-basic-service_none_faults.java,EvoMaster_ts_admin_basic_service_none_faults,test_1_deleteOnStationReturnsMismatchResponseWithSchema,False,1,503,/api/v1/adminbasicservice/adminbasic/stations/{id},DELETE,503,.statusCode(503) .assertThat(),6,".delete(baseUrlOfSut + ""/api/v1/adminbasicservice/adminbasic/stations/Rh"")",,,faults,/mnt/train-ticket-aitest/evomaster/generated-tests/blackbox/ts-admin-basic-service/none/EvoMaster_ts-admin-basic-service_none_faults.java,21,6,True,0,,0,0,,100.0,0,0,0,0,0,0,False,,/mnt/train-ticket-aitest/evomaster/evomaster-config/runtime-logs/classes/ts-admin-basic-service/none/EvoMaster_ts_admin_basic_service_none_faults,/mnt/train-ticket-aitest/evomaster/evomaster-config/runtime-logs/classes/ts-admin-basic-service/none/EvoMaster_ts_admin_basic_service_none_faults/compile.log,/mnt/train-ticket-aitest/evomaster/evomaster-config/runtime-logs/classes/ts-admin-basic-service/none/EvoMaster_ts_admin_basic_service_none_faults/compile_stdout.log,/mnt/train-ticket-aitest/evomaster/evomaster-config/runtime-logs/classes/ts-admin-basic-service/none/EvoMaster_ts_admin_basic_service_none_faults/compile_stderr.log,False,True,1,java.lang.AssertionError;test_failure,1,False,14.62,11.68,152.61,"Tests run: 1, Failures: 1, Errors: 0, Skipped: 0",/mnt/train-ticket-aitest/evomaster/evomaster-config/runtime-logs/methods/ts-admin-basic-service/none/EvoMaster_ts_admin_basic_service_none_faults/test_1_deleteOnStationReturnsMismatchResponseWithSchema,/mnt/train-ticket-aitest/evomaster/evomaster-config/runtime-logs/methods/ts-admin-basic-service/none/EvoMaster_ts_admin_basic_service_none_faults/test_1_deleteOnStationReturnsMismatchResponseWithSchema/run.log,/mnt/train-ticket-aitest/evomaster/evomaster-config/runtime-logs/methods/ts-admin-basic-service/none/EvoMaster_ts_admin_basic_service_none_faults/test_1_deleteOnStationReturnsMismatchResponseWithSchema/run_stdout.log,/mnt/train-ticket-aitest/evomaster/evomaster-config/runtime-logs/methods/ts-admin-basic-service/none/EvoMaster_ts_admin_basic_service_none_faults/test_1_deleteOnStationReturnsMismatchResponseWithSchema/run_stderr.log
ts-admin-basic-service,user,EvoMaster_ts-admin-basic-service_user_faults.java,EvoMaster_ts_admin_basic_service_user_faults,test_0_postOnPricesReturnsMismatchResponseWithSchema,False,1,503,/api/v1/adminbasicservice/adminbasic/prices,POST,503,.statusCode(503) .assertThat(),6,".post(baseUrlOfSut + ""/api/v1/adminbasicservice/adminbasic/prices"")",".body("" { "" + 
                    "" \""trainType\"": \""0plbC4X62\"", "" + 
                    "" \""routeId\"": \""Kb\"", "" + 
                    "" \""basicPriceRate\"": 0.5165817292487112, "" + 
                    "" \""firstClassPriceRate\"": 0.304591379474741 "" + 
                    "" } "")",".header(""Authorization"", ""Bearer eyJhbGciOiJIUzI1NiJ9.eyJzdWIiOiJmZHNlX21pY3Jvc2VydmljZSIsInJvbGVzIjpbIlJPTEVfVVNFUiJdLCJpZCI6IjRkMmE0NmM3LTcxY2ItNGNmMS1iNWJiLWI2ODQwNmQ5ZGE2ZiIsImlhdCI6MTc3Nzg3OTEyOCwiZXhwIjoxNzc3ODgyNzI4fQ.omAkJ6ibHxUTR2bqoxe3CdGN4TIMp8cKOg6X58pyb_8"")",faults,/mnt/train-ticket-aitest/evomaster/generated-tests/blackbox/ts-admin-basic-service/user/EvoMaster_ts-admin-basic-service_user_faults.java,21,6,True,0,,0,0,,100.0,0,0,0,0,0,0,False,,/mnt/train-ticket-aitest/evomaster/evomaster-config/runtime-logs/classes/ts-admin-basic-service/user/EvoMaster_ts_admin_basic_service_user_faults,/mnt/train-ticket-aitest/evomaster/evomaster-config/runtime-logs/classes/ts-admin-basic-service/user/EvoMaster_ts_admin_basic_service_user_faults/compile.log,/mnt/train-ticket-aitest/evomaster/evomaster-config/runtime-logs/classes/ts-admin-basic-service/user/EvoMaster_ts_admin_basic_service_user_faults/compile_stdout.log,/mnt/train-ticket-aitest/evomaster/evomaster-config/runtime-logs/classes/ts-admin-basic-service/user/EvoMaster_ts_admin_basic_service_user_faults/compile_stderr.log,False,True,1,java.lang.AssertionError;test_failure,1,False,15.08,12.38,151.45,"Tests run: 1, Failures: 1, Errors: 0, Skipped: 0",/mnt/train-ticket-aitest/evomaster/evomaster-config/runtime-logs/methods/ts-admin-basic-service/user/EvoMaster_ts_admin_basic_service_user_faults/test_0_postOnPricesReturnsMismatchResponseWithSchema,/mnt/train-ticket-aitest/evomaster/evomaster-config/runtime-logs/methods/ts-admin-basic-service/user/EvoMaster_ts_admin_basic_service_user_faults/test_0_postOnPricesReturnsMismatchResponseWithSchema/run.log,/mnt/train-ticket-aitest/evomaster/evomaster-config/runtime-logs/methods/ts-admin-basic-service/user/EvoMaster_ts_admin_basic_service_user_faults/test_0_postOnPricesReturnsMismatchResponseWithSchema/run_stdout.log,/mnt/train-ticket-aitest/evomaster/evomaster-config/runtime-logs/methods/ts-admin-basic-service/user/EvoMaster_ts_admin_basic_service_user_faults/test_0_postOnPricesReturnsMismatchResponseWithSchema/run_stderr.log
ts-admin-basic-service,user,EvoMaster_ts-admin-basic-service_user_faults.java,EvoMaster_ts_admin_basic_service_user_faults,test_1_deleteOnStationReturnsMismatchResponseWithSchema,False,1,503,/api/v1/adminbasicservice/adminbasic/stations/{id},DELETE,503,.statusCode(503) .assertThat(),6,".delete(baseUrlOfSut + ""/api/v1/adminbasicservice/adminbasic/stations/fJ8jUs3OYuiKo"")",,".header(""Authorization"", ""Bearer eyJhbGciOiJIUzI1NiJ9.eyJzdWIiOiJmZHNlX21pY3Jvc2VydmljZSIsInJvbGVzIjpbIlJPTEVfVVNFUiJdLCJpZCI6IjRkMmE0NmM3LTcxY2ItNGNmMS1iNWJiLWI2ODQwNmQ5ZGE2ZiIsImlhdCI6MTc3Nzg3OTEyOCwiZXhwIjoxNzc3ODgyNzI4fQ.omAkJ6ibHxUTR2bqoxe3CdGN4TIMp8cKOg6X58pyb_8"")",faults,/mnt/train-ticket-aitest/evomaster/generated-tests/blackbox/ts-admin-basic-service/user/EvoMaster_ts-admin-basic-service_user_faults.java,21,6,True,0,,0,0,,100.0,0,0,0,0,0,0,False,,/mnt/train-ticket-aitest/evomaster/evomaster-config/runtime-logs/classes/ts-admin-basic-service/user/EvoMaster_ts_admin_basic_service_user_faults,/mnt/train-ticket-aitest/evomaster/evomaster-config/runtime-logs/classes/ts-admin-basic-service/user/EvoMaster_ts_admin_basic_service_user_faults/compile.log,/mnt/train-ticket-aitest/evomaster/evomaster-config/runtime-logs/classes/ts-admin-basic-service/user/EvoMaster_ts_admin_basic_service_user_faults/compile_stdout.log,/mnt/train-ticket-aitest/evomaster/evomaster-config/runtime-logs/classes/ts-admin-basic-service/user/EvoMaster_ts_admin_basic_service_user_faults/compile_stderr.log,False,True,1,java.lang.AssertionError;test_failure,1,False,14.07,11.96,153.87,"Tests run: 1, Failures: 1, Errors: 0, Skipped: 0",/mnt/train-ticket-aitest/evomaster/evomaster-config/runtime-logs/methods/ts-admin-basic-service/user/EvoMaster_ts_admin_basic_service_user_faults/test_1_deleteOnStationReturnsMismatchResponseWithSchema,/mnt/train-ticket-aitest/evomaster/evomaster-config/runtime-logs/methods/ts-admin-basic-service/user/EvoMaster_ts_admin_basic_service_user_faults/test_1_deleteOnStationReturnsMismatchResponseWithSchema/run.log,/mnt/train-ticket-aitest/evomaster/evomaster-config/runtime-logs/methods/ts-admin-basic-service/user/EvoMaster_ts_admin_basic_service_user_faults/test_1_deleteOnStationReturnsMismatchResponseWithSchema/run_stdout.log,/mnt/train-ticket-aitest/evomaster/evomaster-config/runtime-logs/methods/ts-admin-basic-service/user/EvoMaster_ts_admin_basic_service_user_faults/test_1_deleteOnStationReturnsMismatchResponseWithSchema/run_stderr.log
ts-admin-order-service,admin,EvoMaster_ts-admin-order-service_admin_faults.java,EvoMaster_ts_admin_order_service_admin_faults,test_0_putOnAdminorderReturnsMismatchResponseWithSchema,False,1,503,/api/v1/adminorderservice/adminorder,PUT,503,.statusCode(503) .assertThat(),6,".put(baseUrlOfSut + ""/api/v1/adminorderservice/adminorder"")",".body("" { "" + 
                    "" \""id\"": \""QxTY\"", "" + 
                    "" \""boughtDate\"": \""2094-02-32\"", "" + 
                    "" \""travelTime\"": \""1949-10-04T13:25:37.944-13:21\"", "" + 
                    "" \""accountId\"": \""lnuC\"", "" + 
                    "" \""contactsDocumentNumber\"": \""bzvOI\"", "" + 
                    "" \""coachNumber\"": 141, "" + 
                    "" \""seatClass\"": 940, "" + 
                    "" \""seatNumber\"": \""y7C\"", "" + 
                    "" \""status\"": 947, "" + 
                    "" \""price\"": 0.5976203453573206 "" + 
                    "" } "")",".header(""Authorization"", ""Bearer eyJhbGciOiJIUzI1NiJ9.eyJzdWIiOiJhZG1pbiIsInJvbGVzIjpbIlJPTEVfQURNSU4iXSwiaWQiOiI3YWRkZDMyZC1lODgyLTQ4ZjUtODFkMi0wOGIwODE4NmNmMWIiLCJpYXQiOjE3Nzc4NzkxMjcsImV4cCI6MTc3Nzg4MjcyN30.VwywVTRiKZSLt9_dKLaFjQzhHBm1-HeJV3Y7BHKuorA"")",faults,/mnt/train-ticket-aitest/evomaster/generated-tests/blackbox/ts-admin-order-service/admin/EvoMaster_ts-admin-order-service_admin_faults.java,21,6,True,0,,0,0,,100.0,0,0,0,0,0,0,False,,/mnt/train-ticket-aitest/evomaster/evomaster-config/runtime-logs/classes/ts-admin-order-service/admin/EvoMaster_ts_admin_order_service_admin_faults,/mnt/train-ticket-aitest/evomaster/evomaster-config/runtime-logs/classes/ts-admin-order-service/admin/EvoMaster_ts_admin_order_service_admin_faults/compile.log,/mnt/train-ticket-aitest/evomaster/evomaster-config/runtime-logs/classes/ts-admin-order-service/admin/EvoMaster_ts_admin_order_service_admin_faults/compile_stdout.log,/mnt/train-ticket-aitest/evomaster/evomaster-config/runtime-logs/classes/ts-admin-order-service/admin/EvoMaster_ts_admin_order_service_admin_faults/compile_stderr.log,False,True,1,java.lang.AssertionError;test_failure,1,False,15.13,11.53,155.34,"Tests run: 1, Failures: 1, Errors: 0, Skipped: 0",/mnt/train-ticket-aitest/evomaster/evomaster-config/runtime-logs/methods/ts-admin-order-service/admin/EvoMaster_ts_admin_order_service_admin_faults/test_0_putOnAdminorderReturnsMismatchResponseWithSchema,/mnt/train-ticket-aitest/evomaster/evomaster-config/runtime-logs/methods/ts-admin-order-service/admin/EvoMaster_ts_admin_order_service_admin_faults/test_0_putOnAdminorderReturnsMismatchResponseWithSchema/run.log,/mnt/train-ticket-aitest/evomaster/evomaster-config/runtime-logs/methods/ts-admin-order-service/admin/EvoMaster_ts_admin_order_service_admin_faults/test_0_putOnAdminorderReturnsMismatchResponseWithSchema/run_stdout.log,/mnt/train-ticket-aitest/evomaster/evomaster-config/runtime-logs/methods/ts-admin-order-service/admin/EvoMaster_ts_admin_order_service_admin_faults/test_0_putOnAdminorderReturnsMismatchResponseWithSchema/run_stderr.log
ts-admin-order-service,admin,EvoMaster_ts-admin-order-service_admin_faults.java,EvoMaster_ts_admin_order_service_admin_faults,test_1_deleteOnAdminordReturnsMismatchResponseWithSchema,False,1,503,/api/v1/adminorderservice/adminorder/{orderId}/{trainNumber},DELETE,503,.statusCode(503) .assertThat(),6,".delete(baseUrlOfSut + ""/api/v1/adminorderservice/adminorder/uuhRkvP8jV/f"")",,".header(""Authorization"", ""Bearer eyJhbGciOiJIUzI1NiJ9.eyJzdWIiOiJhZG1pbiIsInJvbGVzIjpbIlJPTEVfQURNSU4iXSwiaWQiOiI3YWRkZDMyZC1lODgyLTQ4ZjUtODFkMi0wOGIwODE4NmNmMWIiLCJpYXQiOjE3Nzc4NzkxMjcsImV4cCI6MTc3Nzg4MjcyN30.VwywVTRiKZSLt9_dKLaFjQzhHBm1-HeJV3Y7BHKuorA"")",faults,/mnt/train-ticket-aitest/evomaster/generated-tests/blackbox/ts-admin-order-service/admin/EvoMaster_ts-admin-order-service_admin_faults.java,21,6,True,0,,0,0,,100.0,0,0,0,0,0,0,False,,/mnt/train-ticket-aitest/evomaster/evomaster-config/runtime-logs/classes/ts-admin-order-service/admin/EvoMaster_ts_admin_order_service_admin_faults,/mnt/train-ticket-aitest/evomaster/evomaster-config/runtime-logs/classes/ts-admin-order-service/admin/EvoMaster_ts_admin_order_service_admin_faults/compile.log,/mnt/train-ticket-aitest/evomaster/evomaster-config/runtime-logs/classes/ts-admin-order-service/admin/EvoMaster_ts_admin_order_service_admin_faults/compile_stdout.log,/mnt/train-ticket-aitest/evomaster/evomaster-config/runtime-logs/classes/ts-admin-order-service/admin/EvoMaster_ts_admin_order_service_admin_faults/compile_stderr.log,False,True,1,java.lang.AssertionError;test_failure,1,False,14.07,11.42,150.09,"Tests run: 1, Failures: 1, Errors: 0, Skipped: 0",/mnt/train-ticket-aitest/evomaster/evomaster-config/runtime-logs/methods/ts-admin-order-service/admin/EvoMaster_ts_admin_order_service_admin_faults/test_1_deleteOnAdminordReturnsMismatchResponseWithSchema,/mnt/train-ticket-aitest/evomaster/evomaster-config/runtime-logs/methods/ts-admin-order-service/admin/EvoMaster_ts_admin_order_service_admin_faults/test_1_deleteOnAdminordReturnsMismatchResponseWithSchema/run.log,/mnt/train-ticket-aitest/evomaster/evomaster-config/runtime-logs/methods/ts-admin-order-service/admin/EvoMaster_ts_admin_order_service_admin_faults/test_1_deleteOnAdminordReturnsMismatchResponseWithSchema/run_stdout.log,/mnt/train-ticket-aitest/evomaster/evomaster-config/runtime-logs/methods/ts-admin-order-service/admin/EvoMaster_ts_admin_order_service_admin_faults/test_1_deleteOnAdminordReturnsMismatchResponseWithSchema/run_stderr.log
ts-admin-order-service,none,EvoMaster_ts-admin-order-service_none_faults.java,EvoMaster_ts_admin_order_service_none_faults,test_0_putOnAdminorderReturnsMismatchResponseWithSchema,False,1,503,/api/v1/adminorderservice/adminorder,PUT,503,.statusCode(503) .assertThat(),6,".put(baseUrlOfSut + ""/api/v1/adminorderservice/adminorder"")",".body("" { "" + 
                    "" \""id\"": \""p2CDxYcDB2cd\"", "" + 
                    "" \""boughtDate\"": \""2046-11-19\"", "" + 
                    "" \""travelDate\"": \""2058-03-21\"", "" + 
                    "" \""travelTime\"": \""2080-02-24T20:42:53.846+10:08\"", "" + 
                    "" \""accountId\"": \""kdGbUa5f\"", "" + 
                    "" \""contactsDocumentNumber\"": \""FL_4SnYN7TZSD\"", "" + 
                    "" \""from\"": \""LBSYRYOX9fAu\"", "" + 
                    "" \""status\"": 148, "" + 
                    "" \""price\"": 0.9115419626555878 "" + 
                    "" } "")",,faults,/mnt/train-ticket-aitest/evomaster/generated-tests/blackbox/ts-admin-order-service/none/EvoMaster_ts-admin-order-service_none_faults.java,21,6,True,0,,0,0,,100.0,0,0,0,0,0,0,False,,/mnt/train-ticket-aitest/evomaster/evomaster-config/runtime-logs/classes/ts-admin-order-service/none/EvoMaster_ts_admin_order_service_none_faults,/mnt/train-ticket-aitest/evomaster/evomaster-config/runtime-logs/classes/ts-admin-order-service/none/EvoMaster_ts_admin_order_service_none_faults/compile.log,/mnt/train-ticket-aitest/evomaster/evomaster-config/runtime-logs/classes/ts-admin-order-service/none/EvoMaster_ts_admin_order_service_none_faults/compile_stdout.log,/mnt/train-ticket-aitest/evomaster/evomaster-config/runtime-logs/classes/ts-admin-order-service/none/EvoMaster_ts_admin_order_service_none_faults/compile_stderr.log,False,True,1,java.lang.AssertionError;test_failure,1,False,14.6,11.82,155.8,"Tests run: 1, Failures: 1, Errors: 0, Skipped: 0",/mnt/train-ticket-aitest/evomaster/evomaster-config/runtime-logs/methods/ts-admin-order-service/none/EvoMaster_ts_admin_order_service_none_faults/test_0_putOnAdminorderReturnsMismatchResponseWithSchema,/mnt/train-ticket-aitest/evomaster/evomaster-config/runtime-logs/methods/ts-admin-order-service/none/EvoMaster_ts_admin_order_service_none_faults/test_0_putOnAdminorderReturnsMismatchResponseWithSchema/run.log,/mnt/train-ticket-aitest/evomaster/evomaster-config/runtime-logs/methods/ts-admin-order-service/none/EvoMaster_ts_admin_order_service_none_faults/test_0_putOnAdminorderReturnsMismatchResponseWithSchema/run_stdout.log,/mnt/train-ticket-aitest/evomaster/evomaster-config/runtime-logs/methods/ts-admin-order-service/none/EvoMaster_ts_admin_order_service_none_faults/test_0_putOnAdminorderReturnsMismatchResponseWithSchema/run_stderr.log
ts-admin-order-service,none,EvoMaster_ts-admin-order-service_none_faults.java,EvoMaster_ts_admin_order_service_none_faults,test_1_deleteOnAdminordReturnsMismatchResponseWithSchema,False,1,503,/api/v1/adminorderservice/adminorder/{orderId}/{trainNumber},DELETE,503,.statusCode(503) .assertThat(),6,".delete(baseUrlOfSut + ""/api/v1/adminorderservice/adminorder/SasrzOoK0DB7JmOw/dWY3"")",,,faults,/mnt/train-ticket-aitest/evomaster/generated-tests/blackbox/ts-admin-order-service/none/EvoMaster_ts-admin-order-service_none_faults.java,21,6,True,0,,0,0,,100.0,0,0,0,0,0,0,False,,/mnt/train-ticket-aitest/evomaster/evomaster-config/runtime-logs/classes/ts-admin-order-service/none/EvoMaster_ts_admin_order_service_none_faults,/mnt/train-ticket-aitest/evomaster/evomaster-config/runtime-logs/classes/ts-admin-order-service/none/EvoMaster_ts_admin_order_service_none_faults/compile.log,/mnt/train-ticket-aitest/evomaster/evomaster-config/runtime-logs/classes/ts-admin-order-service/none/EvoMaster_ts_admin_order_service_none_faults/compile_stdout.log,/mnt/train-ticket-aitest/evomaster/evomaster-config/runtime-logs/classes/ts-admin-order-service/none/EvoMaster_ts_admin_order_service_none_faults/compile_stderr.log,False,True,1,java.lang.AssertionError;test_failure,1,False,14.06,12.04,154.19,"Tests run: 1, Failures: 1, Errors: 0, Skipped: 0",/mnt/train-ticket-aitest/evomaster/evomaster-config/runtime-logs/methods/ts-admin-order-service/none/EvoMaster_ts_admin_order_service_none_faults/test_1_deleteOnAdminordReturnsMismatchResponseWithSchema,/mnt/train-ticket-aitest/evomaster/evomaster-config/runtime-logs/methods/ts-admin-order-service/none/EvoMaster_ts_admin_order_service_none_faults/test_1_deleteOnAdminordReturnsMismatchResponseWithSchema/run.log,/mnt/train-ticket-aitest/evomaster/evomaster-config/runtime-logs/methods/ts-admin-order-service/none/EvoMaster_ts_admin_order_service_none_faults/test_1_deleteOnAdminordReturnsMismatchResponseWithSchema/run_stdout.log,/mnt/train-ticket-aitest/evomaster/evomaster-config/runtime-logs/methods/ts-admin-order-service/none/EvoMaster_ts_admin_order_service_none_faults/test_1_deleteOnAdminordReturnsMismatchResponseWithSchema/run_stderr.log
ts-admin-order-service,user,EvoMaster_ts-admin-order-service_user_faults.java,EvoMaster_ts_admin_order_service_user_faults,test_0_putOnAdminorderReturnsMismatchResponseWithSchema,False,1,503,/api/v1/adminorderservice/adminorder,PUT,503,.statusCode(503) .assertThat(),6,".put(baseUrlOfSut + ""/api/v1/adminorderservice/adminorder"")",".body("" { "" + 
                    "" \""id\"": \""oIQMf\"", "" + 
                    "" \""travelTime\"": \""1978-03-29T11:39:35.953Z\"", "" + 
                    "" \""documentType\"": 756, "" + 
                    "" \""seatClass\"": 954, "" + 
                    "" \""seatNumber\"": \""\"", "" + 
                    "" \""status\"": 432 "" + 
                    "" } "")",".header(""Authorization"", ""Bearer eyJhbGciOiJIUzI1NiJ9.eyJzdWIiOiJmZHNlX21pY3Jvc2VydmljZSIsInJvbGVzIjpbIlJPTEVfVVNFUiJdLCJpZCI6IjRkMmE0NmM3LTcxY2ItNGNmMS1iNWJiLWI2ODQwNmQ5ZGE2ZiIsImlhdCI6MTc3Nzg3OTEyOCwiZXhwIjoxNzc3ODgyNzI4fQ.omAkJ6ibHxUTR2bqoxe3CdGN4TIMp8cKOg6X58pyb_8"")",faults,/mnt/train-ticket-aitest/evomaster/generated-tests/blackbox/ts-admin-order-service/user/EvoMaster_ts-admin-order-service_user_faults.java,21,6,True,0,,0,0,,100.0,0,0,0,0,0,0,False,,/mnt/train-ticket-aitest/evomaster/evomaster-config/runtime-logs/classes/ts-admin-order-service/user/EvoMaster_ts_admin_order_service_user_faults,/mnt/train-ticket-aitest/evomaster/evomaster-config/runtime-logs/classes/ts-admin-order-service/user/EvoMaster_ts_admin_order_service_user_faults/compile.log,/mnt/train-ticket-aitest/evomaster/evomaster-config/runtime-logs/classes/ts-admin-order-service/user/EvoMaster_ts_admin_order_service_user_faults/compile_stdout.log,/mnt/train-ticket-aitest/evomaster/evomaster-config/runtime-logs/classes/ts-admin-order-service/user/EvoMaster_ts_admin_order_service_user_faults/compile_stderr.log,False,True,1,java.lang.AssertionError;test_failure,1,False,15.1,12.25,153.21,"Tests run: 1, Failures: 1, Errors: 0, Skipped: 0",/mnt/train-ticket-aitest/evomaster/evomaster-config/runtime-logs/methods/ts-admin-order-service/user/EvoMaster_ts_admin_order_service_user_faults/test_0_putOnAdminorderReturnsMismatchResponseWithSchema,/mnt/train-ticket-aitest/evomaster/evomaster-config/runtime-logs/methods/ts-admin-order-service/user/EvoMaster_ts_admin_order_service_user_faults/test_0_putOnAdminorderReturnsMismatchResponseWithSchema/run.log,/mnt/train-ticket-aitest/evomaster/evomaster-config/runtime-logs/methods/ts-admin-order-service/user/EvoMaster_ts_admin_order_service_user_faults/test_0_putOnAdminorderReturnsMismatchResponseWithSchema/run_stdout.log,/mnt/train-ticket-aitest/evomaster/evomaster-config/runtime-logs/methods/ts-admin-order-service/user/EvoMaster_ts_admin_order_service_user_faults/test_0_putOnAdminorderReturnsMismatchResponseWithSchema/run_stderr.log
ts-admin-order-service,user,EvoMaster_ts-admin-order-service_user_faults.java,EvoMaster_ts_admin_order_service_user_faults,test_1_deleteOnAdminordReturnsMismatchResponseWithSchema,False,1,503,/api/v1/adminorderservice/adminorder/{orderId}/{trainNumber},DELETE,503,.statusCode(503) .assertThat(),6,".delete(baseUrlOfSut + ""/api/v1/adminorderservice/adminorder/O/WPXYma"")",,".header(""Authorization"", ""Bearer eyJhbGciOiJIUzI1NiJ9.eyJzdWIiOiJmZHNlX21pY3Jvc2VydmljZSIsInJvbGVzIjpbIlJPTEVfVVNFUiJdLCJpZCI6IjRkMmE0NmM3LTcxY2ItNGNmMS1iNWJiLWI2ODQwNmQ5ZGE2ZiIsImlhdCI6MTc3Nzg3OTEyOCwiZXhwIjoxNzc3ODgyNzI4fQ.omAkJ6ibHxUTR2bqoxe3CdGN4TIMp8cKOg6X58pyb_8"")",faults,/mnt/train-ticket-aitest/evomaster/generated-tests/blackbox/ts-admin-order-service/user/EvoMaster_ts-admin-order-service_user_faults.java,21,6,True,0,,0,0,,100.0,0,0,0,0,0,0,False,,/mnt/train-ticket-aitest/evomaster/evomaster-config/runtime-logs/classes/ts-admin-order-service/user/EvoMaster_ts_admin_order_service_user_faults,/mnt/train-ticket-aitest/evomaster/evomaster-config/runtime-logs/classes/ts-admin-order-service/user/EvoMaster_ts_admin_order_service_user_faults/compile.log,/mnt/train-ticket-aitest/evomaster/evomaster-config/runtime-logs/classes/ts-admin-order-service/user/EvoMaster_ts_admin_order_service_user_faults/compile_stdout.log,/mnt/train-ticket-aitest/evomaster/evomaster-config/runtime-logs/classes/ts-admin-order-service/user/EvoMaster_ts_admin_order_service_user_faults/compile_stderr.log,False,True,1,java.lang.AssertionError;test_failure,1,False,14.05,11.52,147.93,"Tests run: 1, Failures: 1, Errors: 0, Skipped: 0",/mnt/train-ticket-aitest/evomaster/evomaster-config/runtime-logs/methods/ts-admin-order-service/user/EvoMaster_ts_admin_order_service_user_faults/test_1_deleteOnAdminordReturnsMismatchResponseWithSchema,/mnt/train-ticket-aitest/evomaster/evomaster-config/runtime-logs/methods/ts-admin-order-service/user/EvoMaster_ts_admin_order_service_user_faults/test_1_deleteOnAdminordReturnsMismatchResponseWithSchema/run.log,/mnt/train-ticket-aitest/evomaster/evomaster-config/runtime-logs/methods/ts-admin-order-service/user/EvoMaster_ts_admin_order_service_user_faults/test_1_deleteOnAdminordReturnsMismatchResponseWithSchema/run_stdout.log,/mnt/train-ticket-aitest/evomaster/evomaster-config/runtime-logs/methods/ts-admin-order-service/user/EvoMaster_ts_admin_order_service_user_faults/test_1_deleteOnAdminordReturnsMismatchResponseWithSchema/run_stderr.log
ts-admin-user-service,admin,EvoMaster_ts-admin-user-service_admin_faults.java,EvoMaster_ts_admin_user_service_admin_faults,test_0_putOnUsersReturnsMismatchResponseWithSchema,False,1,503,/api/v1/adminuserservice/users,PUT,503,.statusCode(503) .assertThat(),6,".put(baseUrlOfSut + ""/api/v1/adminuserservice/users"")",".body("" { "" + 
                    "" \""userName\"": \""40Fp3HgeJm\"", "" + 
                    "" \""gender\"": 864, "" + 
                    "" \""documentType\"": 988 "" + 
                    "" } "")",".header(""Authorization"", ""Bearer eyJhbGciOiJIUzI1NiJ9.eyJzdWIiOiJhZG1pbiIsInJvbGVzIjpbIlJPTEVfQURNSU4iXSwiaWQiOiI3YWRkZDMyZC1lODgyLTQ4ZjUtODFkMi0wOGIwODE4NmNmMWIiLCJpYXQiOjE3Nzc4NzkxMjcsImV4cCI6MTc3Nzg4MjcyN30.VwywVTRiKZSLt9_dKLaFjQzhHBm1-HeJV3Y7BHKuorA"")",faults,/mnt/train-ticket-aitest/evomaster/generated-tests/blackbox/ts-admin-user-service/admin/EvoMaster_ts-admin-user-service_admin_faults.java,21,6,True,0,,0,0,,100.0,0,0,0,0,0,0,False,,/mnt/train-ticket-aitest/evomaster/evomaster-config/runtime-logs/classes/ts-admin-user-service/admin/EvoMaster_ts_admin_user_service_admin_faults,/mnt/train-ticket-aitest/evomaster/evomaster-config/runtime-logs/classes/ts-admin-user-service/admin/EvoMaster_ts_admin_user_service_admin_faults/compile.log,/mnt/train-ticket-aitest/evomaster/evomaster-config/runtime-logs/classes/ts-admin-user-service/admin/EvoMaster_ts_admin_user_service_admin_faults/compile_stdout.log,/mnt/train-ticket-aitest/evomaster/evomaster-config/runtime-logs/classes/ts-admin-user-service/admin/EvoMaster_ts_admin_user_service_admin_faults/compile_stderr.log,False,True,1,java.lang.AssertionError;test_failure,1,False,14.62,11.66,158.23,"Tests run: 1, Failures: 1, Errors: 0, Skipped: 0",/mnt/train-ticket-aitest/evomaster/evomaster-config/runtime-logs/methods/ts-admin-user-service/admin/EvoMaster_ts_admin_user_service_admin_faults/test_0_putOnUsersReturnsMismatchResponseWithSchema,/mnt/train-ticket-aitest/evomaster/evomaster-config/runtime-logs/methods/ts-admin-user-service/admin/EvoMaster_ts_admin_user_service_admin_faults/test_0_putOnUsersReturnsMismatchResponseWithSchema/run.log,/mnt/train-ticket-aitest/evomaster/evomaster-config/runtime-logs/methods/ts-admin-user-service/admin/EvoMaster_ts_admin_user_service_admin_faults/test_0_putOnUsersReturnsMismatchResponseWithSchema/run_stdout.log,/mnt/train-ticket-aitest/evomaster/evomaster-config/runtime-logs/methods/ts-admin-user-service/admin/EvoMaster_ts_admin_user_service_admin_faults/test_0_putOnUsersReturnsMismatchResponseWithSchema/run_stderr.log
ts-admin-user-service,none,EvoMaster_ts-admin-user-service_none_faults.java,EvoMaster_ts_admin_user_service_none_faults,test_0_putOnUsersReturnsMismatchResponseWithSchema,False,1,503,/api/v1/adminuserservice/users,PUT,503,.statusCode(503) .assertThat(),6,".put(baseUrlOfSut + ""/api/v1/adminuserservice/users"")",".body("" { "" + 
                    "" \""gender\"": 458, "" + 
                    "" \""documentNum\"": \""OkVex\"" "" + 
                    "" } "")",,faults,/mnt/train-ticket-aitest/evomaster/generated-tests/blackbox/ts-admin-user-service/none/EvoMaster_ts-admin-user-service_none_faults.java,21,6,True,0,,0,0,,100.0,0,0,0,0,0,0,False,,/mnt/train-ticket-aitest/evomaster/evomaster-config/runtime-logs/classes/ts-admin-user-service/none/EvoMaster_ts_admin_user_service_none_faults,/mnt/train-ticket-aitest/evomaster/evomaster-config/runtime-logs/classes/ts-admin-user-service/none/EvoMaster_ts_admin_user_service_none_faults/compile.log,/mnt/train-ticket-aitest/evomaster/evomaster-config/runtime-logs/classes/ts-admin-user-service/none/EvoMaster_ts_admin_user_service_none_faults/compile_stdout.log,/mnt/train-ticket-aitest/evomaster/evomaster-config/runtime-logs/classes/ts-admin-user-service/none/EvoMaster_ts_admin_user_service_none_faults/compile_stderr.log,False,True,1,java.lang.AssertionError;test_failure,1,False,14.57,12.68,168.79,"Tests run: 1, Failures: 1, Errors: 0, Skipped: 0",/mnt/train-ticket-aitest/evomaster/evomaster-config/runtime-logs/methods/ts-admin-user-service/none/EvoMaster_ts_admin_user_service_none_faults/test_0_putOnUsersReturnsMismatchResponseWithSchema,/mnt/train-ticket-aitest/evomaster/evomaster-config/runtime-logs/methods/ts-admin-user-service/none/EvoMaster_ts_admin_user_service_none_faults/test_0_putOnUsersReturnsMismatchResponseWithSchema/run.log,/mnt/train-ticket-aitest/evomaster/evomaster-config/runtime-logs/methods/ts-admin-user-service/none/EvoMaster_ts_admin_user_service_none_faults/test_0_putOnUsersReturnsMismatchResponseWithSchema/run_stdout.log,/mnt/train-ticket-aitest/evomaster/evomaster-config/runtime-logs/methods/ts-admin-user-service/none/EvoMaster_ts_admin_user_service_none_faults/test_0_putOnUsersReturnsMismatchResponseWithSchema/run_stderr.log
ts-admin-user-service,user,EvoMaster_ts-admin-user-service_user_faults.java,EvoMaster_ts_admin_user_service_user_faults,test_0_putOnUsersReturnsMismatchResponseWithSchema,False,1,503,/api/v1/adminuserservice/users,PUT,503,.statusCode(503) .assertThat(),6,".put(baseUrlOfSut + ""/api/v1/adminuserservice/users"")",".body("" { "" + 
                    "" \""userName\"": \""\"", "" + 
                    "" \""password\"": \""\"", "" + 
                    "" \""documentNum\"": \""jG\"" "" + 
                    "" } "")",".header(""Authorization"", ""Bearer eyJhbGciOiJIUzI1NiJ9.eyJzdWIiOiJmZHNlX21pY3Jvc2VydmljZSIsInJvbGVzIjpbIlJPTEVfVVNFUiJdLCJpZCI6IjRkMmE0NmM3LTcxY2ItNGNmMS1iNWJiLWI2ODQwNmQ5ZGE2ZiIsImlhdCI6MTc3Nzg3OTEyOCwiZXhwIjoxNzc3ODgyNzI4fQ.omAkJ6ibHxUTR2bqoxe3CdGN4TIMp8cKOg6X58pyb_8"")",faults,/mnt/train-ticket-aitest/evomaster/generated-tests/blackbox/ts-admin-user-service/user/EvoMaster_ts-admin-user-service_user_faults.java,21,6,True,0,,0,0,,100.0,0,0,0,0,0,0,False,,/mnt/train-ticket-aitest/evomaster/evomaster-config/runtime-logs/classes/ts-admin-user-service/user/EvoMaster_ts_admin_user_service_user_faults,/mnt/train-ticket-aitest/evomaster/evomaster-config/runtime-logs/classes/ts-admin-user-service/user/EvoMaster_ts_admin_user_service_user_faults/compile.log,/mnt/train-ticket-aitest/evomaster/evomaster-config/runtime-logs/classes/ts-admin-user-service/user/EvoMaster_ts_admin_user_service_user_faults/compile_stdout.log,/mnt/train-ticket-aitest/evomaster/evomaster-config/runtime-logs/classes/ts-admin-user-service/user/EvoMaster_ts_admin_user_service_user_faults/compile_stderr.log,False,True,1,java.lang.AssertionError;test_failure,1,False,14.79,12.12,159.88,"Tests run: 1, Failures: 1, Errors: 0, Skipped: 0",/mnt/train-ticket-aitest/evomaster/evomaster-config/runtime-logs/methods/ts-admin-user-service/user/EvoMaster_ts_admin_user_service_user_faults/test_0_putOnUsersReturnsMismatchResponseWithSchema,/mnt/train-ticket-aitest/evomaster/evomaster-config/runtime-logs/methods/ts-admin-user-service/user/EvoMaster_ts_admin_user_service_user_faults/test_0_putOnUsersReturnsMismatchResponseWithSchema/run.log,/mnt/train-ticket-aitest/evomaster/evomaster-config/runtime-logs/methods/ts-admin-user-service/user/EvoMaster_ts_admin_user_service_user_faults/test_0_putOnUsersReturnsMismatchResponseWithSchema/run_stdout.log,/mnt/train-ticket-aitest/evomaster/evomaster-config/runtime-logs/methods/ts-admin-user-service/user/EvoMaster_ts_admin_user_service_user_faults/test_0_putOnUsersReturnsMismatchResponseWithSchema/run_stderr.log
ts-assurance-service,admin,EvoMaster_ts-assurance-service_admin_faults.java,EvoMaster_ts_assurance_service_admin_faults,test_0_patchOnAssurReturnsMismatchResponseWithSchema,False,1,503,/api/v1/assuranceservice/assurances/{assuranceId}/{orderId}/{typeIndex},PATCH,503,.statusCode(503) .assertThat(),6,".patch(baseUrlOfSut + ""/api/v1/assuranceservice/assurances/4mIwMpO5Huej17/8D/707"")",,".header(""Authorization"", ""Bearer eyJhbGciOiJIUzI1NiJ9.eyJzdWIiOiJhZG1pbiIsInJvbGVzIjpbIlJPTEVfQURNSU4iXSwiaWQiOiI3YWRkZDMyZC1lODgyLTQ4ZjUtODFkMi0wOGIwODE4NmNmMWIiLCJpYXQiOjE3Nzc4NzkxMjcsImV4cCI6MTc3Nzg4MjcyN30.VwywVTRiKZSLt9_dKLaFjQzhHBm1-HeJV3Y7BHKuorA"")",faults,/mnt/train-ticket-aitest/evomaster/generated-tests/blackbox/ts-assurance-service/admin/EvoMaster_ts-assurance-service_admin_faults.java,21,6,True,0,,0,0,,100.0,0,0,0,0,0,0,False,,/mnt/train-ticket-aitest/evomaster/evomaster-config/runtime-logs/classes/ts-assurance-service/admin/EvoMaster_ts_assurance_service_admin_faults,/mnt/train-ticket-aitest/evomaster/evomaster-config/runtime-logs/classes/ts-assurance-service/admin/EvoMaster_ts_assurance_service_admin_faults/compile.log,/mnt/train-ticket-aitest/evomaster/evomaster-config/runtime-logs/classes/ts-assurance-service/admin/EvoMaster_ts_assurance_service_admin_faults/compile_stdout.log,/mnt/train-ticket-aitest/evomaster/evomaster-config/runtime-logs/classes/ts-assurance-service/admin/EvoMaster_ts_assurance_service_admin_faults/compile_stderr.log,False,True,1,java.lang.AssertionError;test_failure,1,False,16.13,11.93,149.41,"Tests run: 1, Failures: 1, Errors: 0, Skipped: 0",/mnt/train-ticket-aitest/evomaster/evomaster-config/runtime-logs/methods/ts-assurance-service/admin/EvoMaster_ts_assurance_service_admin_faults/test_0_patchOnAssurReturnsMismatchResponseWithSchema,/mnt/train-ticket-aitest/evomaster/evomaster-config/runtime-logs/methods/ts-assurance-service/admin/EvoMaster_ts_assurance_service_admin_faults/test_0_patchOnAssurReturnsMismatchResponseWithSchema/run.log,/mnt/train-ticket-aitest/evomaster/evomaster-config/runtime-logs/methods/ts-assurance-service/admin/EvoMaster_ts_assurance_service_admin_faults/test_0_patchOnAssurReturnsMismatchResponseWithSchema/run_stdout.log,/mnt/train-ticket-aitest/evomaster/evomaster-config/runtime-logs/methods/ts-assurance-service/admin/EvoMaster_ts_assurance_service_admin_faults/test_0_patchOnAssurReturnsMismatchResponseWithSchema/run_stderr.log
ts-assurance-service,none,EvoMaster_ts-assurance-service_none_faults.java,EvoMaster_ts_assurance_service_none_faults,test_0_patchOnAssurReturnsMismatchResponseWithSchema,False,1,503,/api/v1/assuranceservice/assurances/{assuranceId}/{orderId}/{typeIndex},PATCH,503,.statusCode(503) .assertThat(),6,".patch(baseUrlOfSut + ""/api/v1/assuranceservice/assurances/uSEaAZjtALJ/2H1Gs9uQ/121"")",,,faults,/mnt/train-ticket-aitest/evomaster/generated-tests/blackbox/ts-assurance-service/none/EvoMaster_ts-assurance-service_none_faults.java,21,6,True,0,,0,0,,100.0,0,0,0,0,0,0,False,,/mnt/train-ticket-aitest/evomaster/evomaster-config/runtime-logs/classes/ts-assurance-service/none/EvoMaster_ts_assurance_service_none_faults,/mnt/train-ticket-aitest/evomaster/evomaster-config/runtime-logs/classes/ts-assurance-service/none/EvoMaster_ts_assurance_service_none_faults/compile.log,/mnt/train-ticket-aitest/evomaster/evomaster-config/runtime-logs/classes/ts-assurance-service/none/EvoMaster_ts_assurance_service_none_faults/compile_stdout.log,/mnt/train-ticket-aitest/evomaster/evomaster-config/runtime-logs/classes/ts-assurance-service/none/EvoMaster_ts_assurance_service_none_faults/compile_stderr.log,False,True,1,java.lang.AssertionError;test_failure,1,False,16.07,12.38,160.08,"Tests run: 1, Failures: 1, Errors: 0, Skipped: 0",/mnt/train-ticket-aitest/evomaster/evomaster-config/runtime-logs/methods/ts-assurance-service/none/EvoMaster_ts_assurance_service_none_faults/test_0_patchOnAssurReturnsMismatchResponseWithSchema,/mnt/train-ticket-aitest/evomaster/evomaster-config/runtime-logs/methods/ts-assurance-service/none/EvoMaster_ts_assurance_service_none_faults/test_0_patchOnAssurReturnsMismatchResponseWithSchema/run.log,/mnt/train-ticket-aitest/evomaster/evomaster-config/runtime-logs/methods/ts-assurance-service/none/EvoMaster_ts_assurance_service_none_faults/test_0_patchOnAssurReturnsMismatchResponseWithSchema/run_stdout.log,/mnt/train-ticket-aitest/evomaster/evomaster-config/runtime-logs/methods/ts-assurance-service/none/EvoMaster_ts_assurance_service_none_faults/test_0_patchOnAssurReturnsMismatchResponseWithSchema/run_stderr.log
ts-assurance-service,user,EvoMaster_ts-assurance-service_user_faults.java,EvoMaster_ts_assurance_service_user_faults,test_0_patchOnAssurReturnsMismatchResponseWithSchema,False,1,503,/api/v1/assuranceservice/assurances/{assuranceId}/{orderId}/{typeIndex},PATCH,503,.statusCode(503) .assertThat(),6,".patch(baseUrlOfSut + ""/api/v1/assuranceservice/assurances/9U/sEhQqmdrNKdMLe/314"")",,".header(""Authorization"", ""Bearer eyJhbGciOiJIUzI1NiJ9.eyJzdWIiOiJmZHNlX21pY3Jvc2VydmljZSIsInJvbGVzIjpbIlJPTEVfVVNFUiJdLCJpZCI6IjRkMmE0NmM3LTcxY2ItNGNmMS1iNWJiLWI2ODQwNmQ5ZGE2ZiIsImlhdCI6MTc3Nzg3OTEyOCwiZXhwIjoxNzc3ODgyNzI4fQ.omAkJ6ibHxUTR2bqoxe3CdGN4TIMp8cKOg6X58pyb_8"")",faults,/mnt/train-ticket-aitest/evomaster/generated-tests/blackbox/ts-assurance-service/user/EvoMaster_ts-assurance-service_user_faults.java,21,6,True,0,,0,0,,100.0,0,0,0,0,0,0,False,,/mnt/train-ticket-aitest/evomaster/evomaster-config/runtime-logs/classes/ts-assurance-service/user/EvoMaster_ts_assurance_service_user_faults,/mnt/train-ticket-aitest/evomaster/evomaster-config/runtime-logs/classes/ts-assurance-service/user/EvoMaster_ts_assurance_service_user_faults/compile.log,/mnt/train-ticket-aitest/evomaster/evomaster-config/runtime-logs/classes/ts-assurance-service/user/EvoMaster_ts_assurance_service_user_faults/compile_stdout.log,/mnt/train-ticket-aitest/evomaster/evomaster-config/runtime-logs/classes/ts-assurance-service/user/EvoMaster_ts_assurance_service_user_faults/compile_stderr.log,False,True,1,java.lang.AssertionError;test_failure,1,False,15.59,11.46,155.68,"Tests run: 1, Failures: 1, Errors: 0, Skipped: 0",/mnt/train-ticket-aitest/evomaster/evomaster-config/runtime-logs/methods/ts-assurance-service/user/EvoMaster_ts_assurance_service_user_faults/test_0_patchOnAssurReturnsMismatchResponseWithSchema,/mnt/train-ticket-aitest/evomaster/evomaster-config/runtime-logs/methods/ts-assurance-service/user/EvoMaster_ts_assurance_service_user_faults/test_0_patchOnAssurReturnsMismatchResponseWithSchema/run.log,/mnt/train-ticket-aitest/evomaster/evomaster-config/runtime-logs/methods/ts-assurance-service/user/EvoMaster_ts_assurance_service_user_faults/test_0_patchOnAssurReturnsMismatchResponseWithSchema/run_stdout.log,/mnt/train-ticket-aitest/evomaster/evomaster-config/runtime-logs/methods/ts-assurance-service/user/EvoMaster_ts_assurance_service_user_faults/test_0_patchOnAssurReturnsMismatchResponseWithSchema/run_stderr.log
ts-cancel-service,admin,EvoMaster_ts-cancel-service_admin_faults.java,EvoMaster_ts_cancel_service_admin_faults,test_0_getOnCancelReturnsMismatchResponseWithSchema,False,1,503,/api/v1/cancelservice/cancel/{orderId}/{loginId},GET,503,.statusCode(503) .assertThat(),6,".get(baseUrlOfSut + ""/api/v1/cancelservice/cancel/G4lAMcD/dj8E2IFtht"")",,".header(""Authorization"", ""Bearer eyJhbGciOiJIUzI1NiJ9.eyJzdWIiOiJhZG1pbiIsInJvbGVzIjpbIlJPTEVfQURNSU4iXSwiaWQiOiI3YWRkZDMyZC1lODgyLTQ4ZjUtODFkMi0wOGIwODE4NmNmMWIiLCJpYXQiOjE3Nzc4NzkxMjcsImV4cCI6MTc3Nzg4MjcyN30.VwywVTRiKZSLt9_dKLaFjQzhHBm1-HeJV3Y7BHKuorA"")",faults,/mnt/train-ticket-aitest/evomaster/generated-tests/blackbox/ts-cancel-service/admin/EvoMaster_ts-cancel-service_admin_faults.java,21,6,True,0,,0,0,,100.0,0,0,0,0,0,0,False,,/mnt/train-ticket-aitest/evomaster/evomaster-config/runtime-logs/classes/ts-cancel-service/admin/EvoMaster_ts_cancel_service_admin_faults,/mnt/train-ticket-aitest/evomaster/evomaster-config/runtime-logs/classes/ts-cancel-service/admin/EvoMaster_ts_cancel_service_admin_faults/compile.log,/mnt/train-ticket-aitest/evomaster/evomaster-config/runtime-logs/classes/ts-cancel-service/admin/EvoMaster_ts_cancel_service_admin_faults/compile_stdout.log,/mnt/train-ticket-aitest/evomaster/evomaster-config/runtime-logs/classes/ts-cancel-service/admin/EvoMaster_ts_cancel_service_admin_faults/compile_stderr.log,False,True,1,java.lang.AssertionError;test_failure,1,False,14.66,11.52,152.19,"Tests run: 1, Failures: 1, Errors: 0, Skipped: 0",/mnt/train-ticket-aitest/evomaster/evomaster-config/runtime-logs/methods/ts-cancel-service/admin/EvoMaster_ts_cancel_service_admin_faults/test_0_getOnCancelReturnsMismatchResponseWithSchema,/mnt/train-ticket-aitest/evomaster/evomaster-config/runtime-logs/methods/ts-cancel-service/admin/EvoMaster_ts_cancel_service_admin_faults/test_0_getOnCancelReturnsMismatchResponseWithSchema/run.log,/mnt/train-ticket-aitest/evomaster/evomaster-config/runtime-logs/methods/ts-cancel-service/admin/EvoMaster_ts_cancel_service_admin_faults/test_0_getOnCancelReturnsMismatchResponseWithSchema/run_stdout.log,/mnt/train-ticket-aitest/evomaster/evomaster-config/runtime-logs/methods/ts-cancel-service/admin/EvoMaster_ts_cancel_service_admin_faults/test_0_getOnCancelReturnsMismatchResponseWithSchema/run_stderr.log
ts-cancel-service,none,EvoMaster_ts-cancel-service_none_faults.java,EvoMaster_ts_cancel_service_none_faults,test_0_getOnCancelReturnsMismatchResponseWithSchema,False,1,503,/api/v1/cancelservice/cancel/{orderId}/{loginId},GET,503,.statusCode(503) .assertThat(),6,".get(baseUrlOfSut + ""/api/v1/cancelservice/cancel/DxyBQ/9fgVDWrQ"")",,,faults,/mnt/train-ticket-aitest/evomaster/generated-tests/blackbox/ts-cancel-service/none/EvoMaster_ts-cancel-service_none_faults.java,21,6,True,0,,0,0,,100.0,0,0,0,0,0,0,False,,/mnt/train-ticket-aitest/evomaster/evomaster-config/runtime-logs/classes/ts-cancel-service/none/EvoMaster_ts_cancel_service_none_faults,/mnt/train-ticket-aitest/evomaster/evomaster-config/runtime-logs/classes/ts-cancel-service/none/EvoMaster_ts_cancel_service_none_faults/compile.log,/mnt/train-ticket-aitest/evomaster/evomaster-config/runtime-logs/classes/ts-cancel-service/none/EvoMaster_ts_cancel_service_none_faults/compile_stdout.log,/mnt/train-ticket-aitest/evomaster/evomaster-config/runtime-logs/classes/ts-cancel-service/none/EvoMaster_ts_cancel_service_none_faults/compile_stderr.log,False,True,1,java.lang.AssertionError;test_failure,1,False,14.05,11.88,154.87,"Tests run: 1, Failures: 1, Errors: 0, Skipped: 0",/mnt/train-ticket-aitest/evomaster/evomaster-config/runtime-logs/methods/ts-cancel-service/none/EvoMaster_ts_cancel_service_none_faults/test_0_getOnCancelReturnsMismatchResponseWithSchema,/mnt/train-ticket-aitest/evomaster/evomaster-config/runtime-logs/methods/ts-cancel-service/none/EvoMaster_ts_cancel_service_none_faults/test_0_getOnCancelReturnsMismatchResponseWithSchema/run.log,/mnt/train-ticket-aitest/evomaster/evomaster-config/runtime-logs/methods/ts-cancel-service/none/EvoMaster_ts_cancel_service_none_faults/test_0_getOnCancelReturnsMismatchResponseWithSchema/run_stdout.log,/mnt/train-ticket-aitest/evomaster/evomaster-config/runtime-logs/methods/ts-cancel-service/none/EvoMaster_ts_cancel_service_none_faults/test_0_getOnCancelReturnsMismatchResponseWithSchema/run_stderr.log
ts-cancel-service,user,EvoMaster_ts-cancel-service_user_faults.java,EvoMaster_ts_cancel_service_user_faults,test_0_getOnCancelReturnsMismatchResponseWithSchema,False,1,503,/api/v1/cancelservice/cancel/{orderId}/{loginId},GET,503,.statusCode(503) .assertThat(),6,".get(baseUrlOfSut + ""/api/v1/cancelservice/cancel/KD3ckc2noxp/KPzvQsdOI2Ch6"")",,".header(""Authorization"", ""Bearer eyJhbGciOiJIUzI1NiJ9.eyJzdWIiOiJmZHNlX21pY3Jvc2VydmljZSIsInJvbGVzIjpbIlJPTEVfVVNFUiJdLCJpZCI6IjRkMmE0NmM3LTcxY2ItNGNmMS1iNWJiLWI2ODQwNmQ5ZGE2ZiIsImlhdCI6MTc3Nzg3OTEyOCwiZXhwIjoxNzc3ODgyNzI4fQ.omAkJ6ibHxUTR2bqoxe3CdGN4TIMp8cKOg6X58pyb_8"")",faults,/mnt/train-ticket-aitest/evomaster/generated-tests/blackbox/ts-cancel-service/user/EvoMaster_ts-cancel-service_user_faults.java,21,6,True,0,,0,0,,100.0,0,0,0,0,0,0,False,,/mnt/train-ticket-aitest/evomaster/evomaster-config/runtime-logs/classes/ts-cancel-service/user/EvoMaster_ts_cancel_service_user_faults,/mnt/train-ticket-aitest/evomaster/evomaster-config/runtime-logs/classes/ts-cancel-service/user/EvoMaster_ts_cancel_service_user_faults/compile.log,/mnt/train-ticket-aitest/evomaster/evomaster-config/runtime-logs/classes/ts-cancel-service/user/EvoMaster_ts_cancel_service_user_faults/compile_stdout.log,/mnt/train-ticket-aitest/evomaster/evomaster-config/runtime-logs/classes/ts-cancel-service/user/EvoMaster_ts_cancel_service_user_faults/compile_stderr.log,False,True,1,java.lang.AssertionError;test_failure,1,False,14.55,11.83,152.74,"Tests run: 1, Failures: 1, Errors: 0, Skipped: 0",/mnt/train-ticket-aitest/evomaster/evomaster-config/runtime-logs/methods/ts-cancel-service/user/EvoMaster_ts_cancel_service_user_faults/test_0_getOnCancelReturnsMismatchResponseWithSchema,/mnt/train-ticket-aitest/evomaster/evomaster-config/runtime-logs/methods/ts-cancel-service/user/EvoMaster_ts_cancel_service_user_faults/test_0_getOnCancelReturnsMismatchResponseWithSchema/run.log,/mnt/train-ticket-aitest/evomaster/evomaster-config/runtime-logs/methods/ts-cancel-service/user/EvoMaster_ts_cancel_service_user_faults/test_0_getOnCancelReturnsMismatchResponseWithSchema/run_stdout.log,/mnt/train-ticket-aitest/evomaster/evomaster-config/runtime-logs/methods/ts-cancel-service/user/EvoMaster_ts_cancel_service_user_faults/test_0_getOnCancelReturnsMismatchResponseWithSchema/run_stderr.log
ts-contacts-service,admin,EvoMaster_ts-contacts-service_admin_faults.java,EvoMaster_ts_contacts_service_admin_faults,test_0_getOnContactsReturnsMismatchResponseWithSchema,False,1,503,/api/v1/contactservice/contacts,GET,503,.statusCode(503) .assertThat(),6,".get(baseUrlOfSut + ""/api/v1/contactservice/contacts"")",,".header(""Authorization"", ""Bearer eyJhbGciOiJIUzI1NiJ9.eyJzdWIiOiJhZG1pbiIsInJvbGVzIjpbIlJPTEVfQURNSU4iXSwiaWQiOiI3YWRkZDMyZC1lODgyLTQ4ZjUtODFkMi0wOGIwODE4NmNmMWIiLCJpYXQiOjE3Nzc4NzkxMjcsImV4cCI6MTc3Nzg4MjcyN30.VwywVTRiKZSLt9_dKLaFjQzhHBm1-HeJV3Y7BHKuorA"")",faults,/mnt/train-ticket-aitest/evomaster/generated-tests/blackbox/ts-contacts-service/admin/EvoMaster_ts-contacts-service_admin_faults.java,21,6,True,0,,0,0,,100.0,0,0,0,0,0,0,False,,/mnt/train-ticket-aitest/evomaster/evomaster-config/runtime-logs/classes/ts-contacts-service/admin/EvoMaster_ts_contacts_service_admin_faults,/mnt/train-ticket-aitest/evomaster/evomaster-config/runtime-logs/classes/ts-contacts-service/admin/EvoMaster_ts_contacts_service_admin_faults/compile.log,/mnt/train-ticket-aitest/evomaster/evomaster-config/runtime-logs/classes/ts-contacts-service/admin/EvoMaster_ts_contacts_service_admin_faults/compile_stdout.log,/mnt/train-ticket-aitest/evomaster/evomaster-config/runtime-logs/classes/ts-contacts-service/admin/EvoMaster_ts_contacts_service_admin_faults/compile_stderr.log,False,True,1,java.lang.AssertionError;test_failure,1,False,15.06,12.25,155.13,"Tests run: 1, Failures: 1, Errors: 0, Skipped: 0",/mnt/train-ticket-aitest/evomaster/evomaster-config/runtime-logs/methods/ts-contacts-service/admin/EvoMaster_ts_contacts_service_admin_faults/test_0_getOnContactsReturnsMismatchResponseWithSchema,/mnt/train-ticket-aitest/evomaster/evomaster-config/runtime-logs/methods/ts-contacts-service/admin/EvoMaster_ts_contacts_service_admin_faults/test_0_getOnContactsReturnsMismatchResponseWithSchema/run.log,/mnt/train-ticket-aitest/evomaster/evomaster-config/runtime-logs/methods/ts-contacts-service/admin/EvoMaster_ts_contacts_service_admin_faults/test_0_getOnContactsReturnsMismatchResponseWithSchema/run_stdout.log,/mnt/train-ticket-aitest/evomaster/evomaster-config/runtime-logs/methods/ts-contacts-service/admin/EvoMaster_ts_contacts_service_admin_faults/test_0_getOnContactsReturnsMismatchResponseWithSchema/run_stderr.log
ts-contacts-service,admin,EvoMaster_ts-contacts-service_admin_faults.java,EvoMaster_ts_contacts_service_admin_faults,test_1_deleteOnContactReturnsMismatchResponseWithSchema,False,1,503,/api/v1/contactservice/contacts/{contactsId},DELETE,503,.statusCode(503) .assertThat(),6,".delete(baseUrlOfSut + ""/api/v1/contactservice/contacts/jDCCVP"")",,".header(""Authorization"", ""Bearer eyJhbGciOiJIUzI1NiJ9.eyJzdWIiOiJhZG1pbiIsInJvbGVzIjpbIlJPTEVfQURNSU4iXSwiaWQiOiI3YWRkZDMyZC1lODgyLTQ4ZjUtODFkMi0wOGIwODE4NmNmMWIiLCJpYXQiOjE3Nzc4NzkxMjcsImV4cCI6MTc3Nzg4MjcyN30.VwywVTRiKZSLt9_dKLaFjQzhHBm1-HeJV3Y7BHKuorA"")",faults,/mnt/train-ticket-aitest/evomaster/generated-tests/blackbox/ts-contacts-service/admin/EvoMaster_ts-contacts-service_admin_faults.java,21,6,True,0,,0,0,,100.0,0,0,0,0,0,0,False,,/mnt/train-ticket-aitest/evomaster/evomaster-config/runtime-logs/classes/ts-contacts-service/admin/EvoMaster_ts_contacts_service_admin_faults,/mnt/train-ticket-aitest/evomaster/evomaster-config/runtime-logs/classes/ts-contacts-service/admin/EvoMaster_ts_contacts_service_admin_faults/compile.log,/mnt/train-ticket-aitest/evomaster/evomaster-config/runtime-logs/classes/ts-contacts-service/admin/EvoMaster_ts_contacts_service_admin_faults/compile_stdout.log,/mnt/train-ticket-aitest/evomaster/evomaster-config/runtime-logs/classes/ts-contacts-service/admin/EvoMaster_ts_contacts_service_admin_faults/compile_stderr.log,False,True,1,java.lang.AssertionError;test_failure,1,False,14.06,11.47,163.09,"Tests run: 1, Failures: 1, Errors: 0, Skipped: 0",/mnt/train-ticket-aitest/evomaster/evomaster-config/runtime-logs/methods/ts-contacts-service/admin/EvoMaster_ts_contacts_service_admin_faults/test_1_deleteOnContactReturnsMismatchResponseWithSchema,/mnt/train-ticket-aitest/evomaster/evomaster-config/runtime-logs/methods/ts-contacts-service/admin/EvoMaster_ts_contacts_service_admin_faults/test_1_deleteOnContactReturnsMismatchResponseWithSchema/run.log,/mnt/train-ticket-aitest/evomaster/evomaster-config/runtime-logs/methods/ts-contacts-service/admin/EvoMaster_ts_contacts_service_admin_faults/test_1_deleteOnContactReturnsMismatchResponseWithSchema/run_stdout.log,/mnt/train-ticket-aitest/evomaster/evomaster-config/runtime-logs/methods/ts-contacts-service/admin/EvoMaster_ts_contacts_service_admin_faults/test_1_deleteOnContactReturnsMismatchResponseWithSchema/run_stderr.log
ts-contacts-service,none,EvoMaster_ts-contacts-service_none_faults.java,EvoMaster_ts_contacts_service_none_faults,test_0_getOnContactsReturnsMismatchResponseWithSchema,False,1,503,/api/v1/contactservice/contacts,GET,503,.statusCode(503) .assertThat(),6,".get(baseUrlOfSut + ""/api/v1/contactservice/contacts"")",,,faults,/mnt/train-ticket-aitest/evomaster/generated-tests/blackbox/ts-contacts-service/none/EvoMaster_ts-contacts-service_none_faults.java,21,6,True,0,,0,0,,100.0,0,0,0,0,0,0,False,,/mnt/train-ticket-aitest/evomaster/evomaster-config/runtime-logs/classes/ts-contacts-service/none/EvoMaster_ts_contacts_service_none_faults,/mnt/train-ticket-aitest/evomaster/evomaster-config/runtime-logs/classes/ts-contacts-service/none/EvoMaster_ts_contacts_service_none_faults/compile.log,/mnt/train-ticket-aitest/evomaster/evomaster-config/runtime-logs/classes/ts-contacts-service/none/EvoMaster_ts_contacts_service_none_faults/compile_stdout.log,/mnt/train-ticket-aitest/evomaster/evomaster-config/runtime-logs/classes/ts-contacts-service/none/EvoMaster_ts_contacts_service_none_faults/compile_stderr.log,False,True,1,java.lang.AssertionError;test_failure,1,False,14.61,12.1,152.25,"Tests run: 1, Failures: 1, Errors: 0, Skipped: 0",/mnt/train-ticket-aitest/evomaster/evomaster-config/runtime-logs/methods/ts-contacts-service/none/EvoMaster_ts_contacts_service_none_faults/test_0_getOnContactsReturnsMismatchResponseWithSchema,/mnt/train-ticket-aitest/evomaster/evomaster-config/runtime-logs/methods/ts-contacts-service/none/EvoMaster_ts_contacts_service_none_faults/test_0_getOnContactsReturnsMismatchResponseWithSchema/run.log,/mnt/train-ticket-aitest/evomaster/evomaster-config/runtime-logs/methods/ts-contacts-service/none/EvoMaster_ts_contacts_service_none_faults/test_0_getOnContactsReturnsMismatchResponseWithSchema/run_stdout.log,/mnt/train-ticket-aitest/evomaster/evomaster-config/runtime-logs/methods/ts-contacts-service/none/EvoMaster_ts_contacts_service_none_faults/test_0_getOnContactsReturnsMismatchResponseWithSchema/run_stderr.log
ts-contacts-service,user,EvoMaster_ts-contacts-service_user_faults.java,EvoMaster_ts_contacts_service_user_faults,test_0_getOnContactsReturnsMismatchResponseWithSchema,False,1,503,/api/v1/contactservice/contacts,GET,503,.statusCode(503) .assertThat(),6,".get(baseUrlOfSut + ""/api/v1/contactservice/contacts"")",,".header(""Authorization"", ""Bearer eyJhbGciOiJIUzI1NiJ9.eyJzdWIiOiJmZHNlX21pY3Jvc2VydmljZSIsInJvbGVzIjpbIlJPTEVfVVNFUiJdLCJpZCI6IjRkMmE0NmM3LTcxY2ItNGNmMS1iNWJiLWI2ODQwNmQ5ZGE2ZiIsImlhdCI6MTc3Nzg3OTEyOCwiZXhwIjoxNzc3ODgyNzI4fQ.omAkJ6ibHxUTR2bqoxe3CdGN4TIMp8cKOg6X58pyb_8"")",faults,/mnt/train-ticket-aitest/evomaster/generated-tests/blackbox/ts-contacts-service/user/EvoMaster_ts-contacts-service_user_faults.java,21,6,True,0,,0,0,,100.0,0,0,0,0,0,0,False,,/mnt/train-ticket-aitest/evomaster/evomaster-config/runtime-logs/classes/ts-contacts-service/user/EvoMaster_ts_contacts_service_user_faults,/mnt/train-ticket-aitest/evomaster/evomaster-config/runtime-logs/classes/ts-contacts-service/user/EvoMaster_ts_contacts_service_user_faults/compile.log,/mnt/train-ticket-aitest/evomaster/evomaster-config/runtime-logs/classes/ts-contacts-service/user/EvoMaster_ts_contacts_service_user_faults/compile_stdout.log,/mnt/train-ticket-aitest/evomaster/evomaster-config/runtime-logs/classes/ts-contacts-service/user/EvoMaster_ts_contacts_service_user_faults/compile_stderr.log,False,True,1,java.lang.AssertionError;test_failure,1,False,15.11,12.73,163.43,"Tests run: 1, Failures: 1, Errors: 0, Skipped: 0",/mnt/train-ticket-aitest/evomaster/evomaster-config/runtime-logs/methods/ts-contacts-service/user/EvoMaster_ts_contacts_service_user_faults/test_0_getOnContactsReturnsMismatchResponseWithSchema,/mnt/train-ticket-aitest/evomaster/evomaster-config/runtime-logs/methods/ts-contacts-service/user/EvoMaster_ts_contacts_service_user_faults/test_0_getOnContactsReturnsMismatchResponseWithSchema/run.log,/mnt/train-ticket-aitest/evomaster/evomaster-config/runtime-logs/methods/ts-contacts-service/user/EvoMaster_ts_contacts_service_user_faults/test_0_getOnContactsReturnsMismatchResponseWithSchema/run_stdout.log,/mnt/train-ticket-aitest/evomaster/evomaster-config/runtime-logs/methods/ts-contacts-service/user/EvoMaster_ts_contacts_service_user_faults/test_0_getOnContactsReturnsMismatchResponseWithSchema/run_stderr.log
ts-contacts-service,user,EvoMaster_ts-contacts-service_user_faults.java,EvoMaster_ts_contacts_service_user_faults,test_1_deleteOnContactReturnsMismatchResponseWithSchema,False,1,503,/api/v1/contactservice/contacts/{contactsId},DELETE,503,.statusCode(503) .assertThat(),6,".delete(baseUrlOfSut + ""/api/v1/contactservice/contacts/saZhTx3onLw"")",,".header(""Authorization"", ""Bearer eyJhbGciOiJIUzI1NiJ9.eyJzdWIiOiJmZHNlX21pY3Jvc2VydmljZSIsInJvbGVzIjpbIlJPTEVfVVNFUiJdLCJpZCI6IjRkMmE0NmM3LTcxY2ItNGNmMS1iNWJiLWI2ODQwNmQ5ZGE2ZiIsImlhdCI6MTc3Nzg3OTEyOCwiZXhwIjoxNzc3ODgyNzI4fQ.omAkJ6ibHxUTR2bqoxe3CdGN4TIMp8cKOg6X58pyb_8"")",faults,/mnt/train-ticket-aitest/evomaster/generated-tests/blackbox/ts-contacts-service/user/EvoMaster_ts-contacts-service_user_faults.java,21,6,True,0,,0,0,,100.0,0,0,0,0,0,0,False,,/mnt/train-ticket-aitest/evomaster/evomaster-config/runtime-logs/classes/ts-contacts-service/user/EvoMaster_ts_contacts_service_user_faults,/mnt/train-ticket-aitest/evomaster/evomaster-config/runtime-logs/classes/ts-contacts-service/user/EvoMaster_ts_contacts_service_user_faults/compile.log,/mnt/train-ticket-aitest/evomaster/evomaster-config/runtime-logs/classes/ts-contacts-service/user/EvoMaster_ts_contacts_service_user_faults/compile_stdout.log,/mnt/train-ticket-aitest/evomaster/evomaster-config/runtime-logs/classes/ts-contacts-service/user/EvoMaster_ts_contacts_service_user_faults/compile_stderr.log,False,True,1,java.lang.AssertionError;test_failure,1,False,14.58,11.66,153.86,"Tests run: 1, Failures: 1, Errors: 0, Skipped: 0",/mnt/train-ticket-aitest/evomaster/evomaster-config/runtime-logs/methods/ts-contacts-service/user/EvoMaster_ts_contacts_service_user_faults/test_1_deleteOnContactReturnsMismatchResponseWithSchema,/mnt/train-ticket-aitest/evomaster/evomaster-config/runtime-logs/methods/ts-contacts-service/user/EvoMaster_ts_contacts_service_user_faults/test_1_deleteOnContactReturnsMismatchResponseWithSchema/run.log,/mnt/train-ticket-aitest/evomaster/evomaster-config/runtime-logs/methods/ts-contacts-service/user/EvoMaster_ts_contacts_service_user_faults/test_1_deleteOnContactReturnsMismatchResponseWithSchema/run_stdout.log,/mnt/train-ticket-aitest/evomaster/evomaster-config/runtime-logs/methods/ts-contacts-service/user/EvoMaster_ts_contacts_service_user_faults/test_1_deleteOnContactReturnsMismatchResponseWithSchema/run_stderr.log
ts-inside-payment-service,admin,EvoMaster_ts-inside-payment-service_admin_faults.java,EvoMaster_ts_inside_payment_service_admin_faults,test_0_postOnAccountReturnsMismatchResponseWithSchema,False,1,503,/api/v1/inside_pay_service/inside_payment/account,POST,503,.statusCode(503) .assertThat(),6,".post(baseUrlOfSut + ""/api/v1/inside_pay_service/inside_payment/account"")",".body("" { "" + 
                    "" \""userId\"": \""\"" "" + 
                    "" } "")",".header(""Authorization"", ""Bearer eyJhbGciOiJIUzI1NiJ9.eyJzdWIiOiJhZG1pbiIsInJvbGVzIjpbIlJPTEVfQURNSU4iXSwiaWQiOiI3YWRkZDMyZC1lODgyLTQ4ZjUtODFkMi0wOGIwODE4NmNmMWIiLCJpYXQiOjE3Nzc4NzkxMjcsImV4cCI6MTc3Nzg4MjcyN30.VwywVTRiKZSLt9_dKLaFjQzhHBm1-HeJV3Y7BHKuorA"")",faults,/mnt/train-ticket-aitest/evomaster/generated-tests/blackbox/ts-inside-payment-service/admin/EvoMaster_ts-inside-payment-service_admin_faults.java,21,6,True,0,,0,0,,100.0,0,0,0,0,0,0,False,,/mnt/train-ticket-aitest/evomaster/evomaster-config/runtime-logs/classes/ts-inside-payment-service/admin/EvoMaster_ts_inside_payment_service_admin_faults,/mnt/train-ticket-aitest/evomaster/evomaster-config/runtime-logs/classes/ts-inside-payment-service/admin/EvoMaster_ts_inside_payment_service_admin_faults/compile.log,/mnt/train-ticket-aitest/evomaster/evomaster-config/runtime-logs/classes/ts-inside-payment-service/admin/EvoMaster_ts_inside_payment_service_admin_faults/compile_stdout.log,/mnt/train-ticket-aitest/evomaster/evomaster-config/runtime-logs/classes/ts-inside-payment-service/admin/EvoMaster_ts_inside_payment_service_admin_faults/compile_stderr.log,False,True,1,java.lang.AssertionError;test_failure,1,False,14.61,11.91,140.58,"Tests run: 1, Failures: 1, Errors: 0, Skipped: 0",/mnt/train-ticket-aitest/evomaster/evomaster-config/runtime-logs/methods/ts-inside-payment-service/admin/EvoMaster_ts_inside_payment_service_admin_faults/test_0_postOnAccountReturnsMismatchResponseWithSchema,/mnt/train-ticket-aitest/evomaster/evomaster-config/runtime-logs/methods/ts-inside-payment-service/admin/EvoMaster_ts_inside_payment_service_admin_faults/test_0_postOnAccountReturnsMismatchResponseWithSchema/run.log,/mnt/train-ticket-aitest/evomaster/evomaster-config/runtime-logs/methods/ts-inside-payment-service/admin/EvoMaster_ts_inside_payment_service_admin_faults/test_0_postOnAccountReturnsMismatchResponseWithSchema/run_stdout.log,/mnt/train-ticket-aitest/evomaster/evomaster-config/runtime-logs/methods/ts-inside-payment-service/admin/EvoMaster_ts_inside_payment_service_admin_faults/test_0_postOnAccountReturnsMismatchResponseWithSchema/run_stderr.log
ts-inside-payment-service,none,EvoMaster_ts-inside-payment-service_none_faults.java,EvoMaster_ts_inside_payment_service_none_faults,test_0_postOnAccountReturnsMismatchResponseWithSchema,False,1,503,/api/v1/inside_pay_service/inside_payment/account,POST,503,.statusCode(503) .assertThat(),6,".post(baseUrlOfSut + ""/api/v1/inside_pay_service/inside_payment/account"")",".body("" { "" + 
                    "" \""userId\"": \""XKUSha\"" "" + 
                    "" } "")",,faults,/mnt/train-ticket-aitest/evomaster/generated-tests/blackbox/ts-inside-payment-service/none/EvoMaster_ts-inside-payment-service_none_faults.java,21,6,True,0,,0,0,,100.0,0,0,0,0,0,0,False,,/mnt/train-ticket-aitest/evomaster/evomaster-config/runtime-logs/classes/ts-inside-payment-service/none/EvoMaster_ts_inside_payment_service_none_faults,/mnt/train-ticket-aitest/evomaster/evomaster-config/runtime-logs/classes/ts-inside-payment-service/none/EvoMaster_ts_inside_payment_service_none_faults/compile.log,/mnt/train-ticket-aitest/evomaster/evomaster-config/runtime-logs/classes/ts-inside-payment-service/none/EvoMaster_ts_inside_payment_service_none_faults/compile_stdout.log,/mnt/train-ticket-aitest/evomaster/evomaster-config/runtime-logs/classes/ts-inside-payment-service/none/EvoMaster_ts_inside_payment_service_none_faults/compile_stderr.log,False,True,1,java.lang.AssertionError;test_failure,1,False,14.63,11.95,157.32,"Tests run: 1, Failures: 1, Errors: 0, Skipped: 0",/mnt/train-ticket-aitest/evomaster/evomaster-config/runtime-logs/methods/ts-inside-payment-service/none/EvoMaster_ts_inside_payment_service_none_faults/test_0_postOnAccountReturnsMismatchResponseWithSchema,/mnt/train-ticket-aitest/evomaster/evomaster-config/runtime-logs/methods/ts-inside-payment-service/none/EvoMaster_ts_inside_payment_service_none_faults/test_0_postOnAccountReturnsMismatchResponseWithSchema/run.log,/mnt/train-ticket-aitest/evomaster/evomaster-config/runtime-logs/methods/ts-inside-payment-service/none/EvoMaster_ts_inside_payment_service_none_faults/test_0_postOnAccountReturnsMismatchResponseWithSchema/run_stdout.log,/mnt/train-ticket-aitest/evomaster/evomaster-config/runtime-logs/methods/ts-inside-payment-service/none/EvoMaster_ts_inside_payment_service_none_faults/test_0_postOnAccountReturnsMismatchResponseWithSchema/run_stderr.log
ts-inside-payment-service,user,EvoMaster_ts-inside-payment-service_user_faults.java,EvoMaster_ts_inside_payment_service_user_faults,test_0_postOnAccountReturnsMismatchResponseWithSchema,False,1,503,/api/v1/inside_pay_service/inside_payment/account,POST,503,.statusCode(503) .assertThat(),6,".post(baseUrlOfSut + ""/api/v1/inside_pay_service/inside_payment/account"")",".body("" { "" + 
                    "" \""userId\"": \""tgizZ\"", "" + 
                    "" \""money\"": \""Ahvi5GIhSf\"" "" + 
                    "" } "")",,faults,/mnt/train-ticket-aitest/evomaster/generated-tests/blackbox/ts-inside-payment-service/user/EvoMaster_ts-inside-payment-service_user_faults.java,21,6,True,0,,0,0,,100.0,0,0,0,0,0,0,False,,/mnt/train-ticket-aitest/evomaster/evomaster-config/runtime-logs/classes/ts-inside-payment-service/user/EvoMaster_ts_inside_payment_service_user_faults,/mnt/train-ticket-aitest/evomaster/evomaster-config/runtime-logs/classes/ts-inside-payment-service/user/EvoMaster_ts_inside_payment_service_user_faults/compile.log,/mnt/train-ticket-aitest/evomaster/evomaster-config/runtime-logs/classes/ts-inside-payment-service/user/EvoMaster_ts_inside_payment_service_user_faults/compile_stdout.log,/mnt/train-ticket-aitest/evomaster/evomaster-config/runtime-logs/classes/ts-inside-payment-service/user/EvoMaster_ts_inside_payment_service_user_faults/compile_stderr.log,False,True,1,java.lang.AssertionError;test_failure,1,False,14.58,11.81,155.91,"Tests run: 1, Failures: 1, Errors: 0, Skipped: 0",/mnt/train-ticket-aitest/evomaster/evomaster-config/runtime-logs/methods/ts-inside-payment-service/user/EvoMaster_ts_inside_payment_service_user_faults/test_0_postOnAccountReturnsMismatchResponseWithSchema,/mnt/train-ticket-aitest/evomaster/evomaster-config/runtime-logs/methods/ts-inside-payment-service/user/EvoMaster_ts_inside_payment_service_user_faults/test_0_postOnAccountReturnsMismatchResponseWithSchema/run.log,/mnt/train-ticket-aitest/evomaster/evomaster-config/runtime-logs/methods/ts-inside-payment-service/user/EvoMaster_ts_inside_payment_service_user_faults/test_0_postOnAccountReturnsMismatchResponseWithSchema/run_stdout.log,/mnt/train-ticket-aitest/evomaster/evomaster-config/runtime-logs/methods/ts-inside-payment-service/user/EvoMaster_ts_inside_payment_service_user_faults/test_0_postOnAccountReturnsMismatchResponseWithSchema/run_stderr.log
ts-inside-payment-service,user,EvoMaster_ts-inside-payment-service_user_others.java,EvoMaster_ts_inside_payment_service_user_others,test_0_postOnAccountReturnsNull,False,1,,/api/v1/inside_pay_service/inside_payment/account,POST,,,3,".post(baseUrlOfSut + ""/api/v1/inside_pay_service/inside_payment/account"")",".body("" { "" + 
                        "" \""userId\"": \""FAjeo\"" "" + 
                        "" } "")",".header(""Authorization"", ""Bearer eyJhbGciOiJIUzI1NiJ9.eyJzdWIiOiJmZHNlX21pY3Jvc2VydmljZSIsInJvbGVzIjpbIlJPTEVfVVNFUiJdLCJpZCI6IjRkMmE0NmM3LTcxY2ItNGNmMS1iNWJiLWI2ODQwNmQ5ZGE2ZiIsImlhdCI6MTc3Nzg3OTEyOCwiZXhwIjoxNzc3ODgyNzI4fQ.omAkJ6ibHxUTR2bqoxe3CdGN4TIMp8cKOg6X58pyb_8"")",others,/mnt/train-ticket-aitest/evomaster/generated-tests/blackbox/ts-inside-payment-service/user/EvoMaster_ts-inside-payment-service_user_others.java,21,6,True,0,,0,0,,100.0,0,0,0,0,0,0,False,,/mnt/train-ticket-aitest/evomaster/evomaster-config/runtime-logs/classes/ts-inside-payment-service/user/EvoMaster_ts_inside_payment_service_user_others,/mnt/train-ticket-aitest/evomaster/evomaster-config/runtime-logs/classes/ts-inside-payment-service/user/EvoMaster_ts_inside_payment_service_user_others/compile.log,/mnt/train-ticket-aitest/evomaster/evomaster-config/runtime-logs/classes/ts-inside-payment-service/user/EvoMaster_ts_inside_payment_service_user_others/compile_stdout.log,/mnt/train-ticket-aitest/evomaster/evomaster-config/runtime-logs/classes/ts-inside-payment-service/user/EvoMaster_ts_inside_payment_service_user_others/compile_stderr.log,True,True,0,,0,False,14.07,11.73,156.92,Test passed (detected via Surefire XML),/mnt/train-ticket-aitest/evomaster/evomaster-config/runtime-logs/methods/ts-inside-payment-service/user/EvoMaster_ts_inside_payment_service_user_others/test_0_postOnAccountReturnsNull,/mnt/train-ticket-aitest/evomaster/evomaster-config/runtime-logs/methods/ts-inside-payment-service/user/EvoMaster_ts_inside_payment_service_user_others/test_0_postOnAccountReturnsNull/run.log,/mnt/train-ticket-aitest/evomaster/evomaster-config/runtime-logs/methods/ts-inside-payment-service/user/EvoMaster_ts_inside_payment_service_user_others/test_0_postOnAccountReturnsNull/run_stdout.log,/mnt/train-ticket-aitest/evomaster/evomaster-config/runtime-logs/methods/ts-inside-payment-service/user/EvoMaster_ts_inside_payment_service_user_others/test_0_postOnAccountReturnsNull/run_stderr.log
ts-order-service,admin,EvoMaster_ts-order-service_admin_faults.java,EvoMaster_ts_order_service_admin_faults,test_0_putOnOrderReturnsMismatchResponseWithSchema,False,1,503,/api/v1/orderservice/order,PUT,503,.statusCode(503) .assertThat(),6,".put(baseUrlOfSut + ""/api/v1/orderservice/order"")",".body("" { "" + 
                    "" \""boughtDate\"": \""1985-01-00\"", "" + 
                    "" \""travelDate\"": \""1968-08-23\"", "" + 
                    "" \""travelTime\"": \""1999-12-20T18:24:34.835-16:36\"", "" + 
                    "" \""documentType\"": 357, "" + 
                    "" \""from\"": \""48e3pySY_\"", "" + 
                    "" \""status\"": 253 "" + 
                    "" } "")",".header(""Authorization"", ""Bearer eyJhbGciOiJIUzI1NiJ9.eyJzdWIiOiJhZG1pbiIsInJvbGVzIjpbIlJPTEVfQURNSU4iXSwiaWQiOiI3YWRkZDMyZC1lODgyLTQ4ZjUtODFkMi0wOGIwODE4NmNmMWIiLCJpYXQiOjE3Nzc4NzkxMjcsImV4cCI6MTc3Nzg4MjcyN30.VwywVTRiKZSLt9_dKLaFjQzhHBm1-HeJV3Y7BHKuorA"")",faults,/mnt/train-ticket-aitest/evomaster/generated-tests/blackbox/ts-order-service/admin/EvoMaster_ts-order-service_admin_faults.java,21,6,True,0,,0,0,,100.0,0,0,0,0,0,0,False,,/mnt/train-ticket-aitest/evomaster/evomaster-config/runtime-logs/classes/ts-order-service/admin/EvoMaster_ts_order_service_admin_faults,/mnt/train-ticket-aitest/evomaster/evomaster-config/runtime-logs/classes/ts-order-service/admin/EvoMaster_ts_order_service_admin_faults/compile.log,/mnt/train-ticket-aitest/evomaster/evomaster-config/runtime-logs/classes/ts-order-service/admin/EvoMaster_ts_order_service_admin_faults/compile_stdout.log,/mnt/train-ticket-aitest/evomaster/evomaster-config/runtime-logs/classes/ts-order-service/admin/EvoMaster_ts_order_service_admin_faults/compile_stderr.log,False,True,1,java.lang.AssertionError;test_failure,1,False,14.09,11.89,152.38,"Tests run: 1, Failures: 1, Errors: 0, Skipped: 0",/mnt/train-ticket-aitest/evomaster/evomaster-config/runtime-logs/methods/ts-order-service/admin/EvoMaster_ts_order_service_admin_faults/test_0_putOnOrderReturnsMismatchResponseWithSchema,/mnt/train-ticket-aitest/evomaster/evomaster-config/runtime-logs/methods/ts-order-service/admin/EvoMaster_ts_order_service_admin_faults/test_0_putOnOrderReturnsMismatchResponseWithSchema/run.log,/mnt/train-ticket-aitest/evomaster/evomaster-config/runtime-logs/methods/ts-order-service/admin/EvoMaster_ts_order_service_admin_faults/test_0_putOnOrderReturnsMismatchResponseWithSchema/run_stdout.log,/mnt/train-ticket-aitest/evomaster/evomaster-config/runtime-logs/methods/ts-order-service/admin/EvoMaster_ts_order_service_admin_faults/test_0_putOnOrderReturnsMismatchResponseWithSchema/run_stderr.log
ts-order-service,none,EvoMaster_ts-order-service_none_faults.java,EvoMaster_ts_order_service_none_faults,test_0_putOnOrderReturnsMismatchResponseWithSchema,False,1,503,/api/v1/orderservice/order,PUT,503,.statusCode(503) .assertThat(),6,".put(baseUrlOfSut + ""/api/v1/orderservice/order"")",".body("" { "" + 
                    "" \""boughtDate\"": \""1939-04-06\"", "" + 
                    "" \""travelDate\"": \""1980-09-08\"", "" + 
                    "" \""travelTime\"": \""1957-04-15T03:14:18.134+09:39\"", "" + 
                    "" \""accountId\"": \""XHei\"", "" + 
                    "" \""documentType\"": 740, "" + 
                    "" \""trainNumber\"": \""Sw1cJA\"", "" + 
                    "" \""from\"": \""pdvhMX\"", "" + 
                    "" \""to\"": \""7lOHUvM\"", "" + 
                    "" \""status\"": 137, "" + 
                    "" \""price\"": 0.6500602550581374 "" + 
                    "" } "")",,faults,/mnt/train-ticket-aitest/evomaster/generated-tests/blackbox/ts-order-service/none/EvoMaster_ts-order-service_none_faults.java,21,6,True,0,,0,0,,100.0,0,0,0,0,0,0,False,,/mnt/train-ticket-aitest/evomaster/evomaster-config/runtime-logs/classes/ts-order-service/none/EvoMaster_ts_order_service_none_faults,/mnt/train-ticket-aitest/evomaster/evomaster-config/runtime-logs/classes/ts-order-service/none/EvoMaster_ts_order_service_none_faults/compile.log,/mnt/train-ticket-aitest/evomaster/evomaster-config/runtime-logs/classes/ts-order-service/none/EvoMaster_ts_order_service_none_faults/compile_stdout.log,/mnt/train-ticket-aitest/evomaster/evomaster-config/runtime-logs/classes/ts-order-service/none/EvoMaster_ts_order_service_none_faults/compile_stderr.log,False,True,1,java.lang.AssertionError;test_failure,1,False,14.07,11.85,150.5,"Tests run: 1, Failures: 1, Errors: 0, Skipped: 0",/mnt/train-ticket-aitest/evomaster/evomaster-config/runtime-logs/methods/ts-order-service/none/EvoMaster_ts_order_service_none_faults/test_0_putOnOrderReturnsMismatchResponseWithSchema,/mnt/train-ticket-aitest/evomaster/evomaster-config/runtime-logs/methods/ts-order-service/none/EvoMaster_ts_order_service_none_faults/test_0_putOnOrderReturnsMismatchResponseWithSchema/run.log,/mnt/train-ticket-aitest/evomaster/evomaster-config/runtime-logs/methods/ts-order-service/none/EvoMaster_ts_order_service_none_faults/test_0_putOnOrderReturnsMismatchResponseWithSchema/run_stdout.log,/mnt/train-ticket-aitest/evomaster/evomaster-config/runtime-logs/methods/ts-order-service/none/EvoMaster_ts_order_service_none_faults/test_0_putOnOrderReturnsMismatchResponseWithSchema/run_stderr.log
ts-order-service,user,EvoMaster_ts-order-service_user_faults.java,EvoMaster_ts_order_service_user_faults,test_0_putOnOrderReturnsMismatchResponseWithSchema,False,1,503,/api/v1/orderservice/order,PUT,503,.statusCode(503) .assertThat(),6,".put(baseUrlOfSut + ""/api/v1/orderservice/order"")",".body("" { "" + 
                    "" \""id\"": \""eVyYAKn\"", "" + 
                    "" \""boughtDate\"": \""2014-12-24\"", "" + 
                    "" \""travelTime\"": \""1999-03-13T06:35:27-00:18\"", "" + 
                    "" \""accountId\"": \""8eiy4HTr2\"", "" + 
                    "" \""trainNumber\"": \""talVSW8\"", "" + 
                    "" \""coachNumber\"": 420, "" + 
                    "" \""seatClass\"": 445, "" + 
                    "" \""from\"": \""U0PSoYY\"", "" + 
                    "" \""price\"": 0.6873959907150939 "" + 
                    "" } "")",".header(""Authorization"", ""Bearer eyJhbGciOiJIUzI1NiJ9.eyJzdWIiOiJmZHNlX21pY3Jvc2VydmljZSIsInJvbGVzIjpbIlJPTEVfVVNFUiJdLCJpZCI6IjRkMmE0NmM3LTcxY2ItNGNmMS1iNWJiLWI2ODQwNmQ5ZGE2ZiIsImlhdCI6MTc3Nzg3OTEyOCwiZXhwIjoxNzc3ODgyNzI4fQ.omAkJ6ibHxUTR2bqoxe3CdGN4TIMp8cKOg6X58pyb_8"")",faults,/mnt/train-ticket-aitest/evomaster/generated-tests/blackbox/ts-order-service/user/EvoMaster_ts-order-service_user_faults.java,21,6,True,0,,0,0,,100.0,0,0,0,0,0,0,False,,/mnt/train-ticket-aitest/evomaster/evomaster-config/runtime-logs/classes/ts-order-service/user/EvoMaster_ts_order_service_user_faults,/mnt/train-ticket-aitest/evomaster/evomaster-config/runtime-logs/classes/ts-order-service/user/EvoMaster_ts_order_service_user_faults/compile.log,/mnt/train-ticket-aitest/evomaster/evomaster-config/runtime-logs/classes/ts-order-service/user/EvoMaster_ts_order_service_user_faults/compile_stdout.log,/mnt/train-ticket-aitest/evomaster/evomaster-config/runtime-logs/classes/ts-order-service/user/EvoMaster_ts_order_service_user_faults/compile_stderr.log,False,True,1,java.lang.AssertionError;test_failure,1,False,14.56,11.71,152.59,"Tests run: 1, Failures: 1, Errors: 0, Skipped: 0",/mnt/train-ticket-aitest/evomaster/evomaster-config/runtime-logs/methods/ts-order-service/user/EvoMaster_ts_order_service_user_faults/test_0_putOnOrderReturnsMismatchResponseWithSchema,/mnt/train-ticket-aitest/evomaster/evomaster-config/runtime-logs/methods/ts-order-service/user/EvoMaster_ts_order_service_user_faults/test_0_putOnOrderReturnsMismatchResponseWithSchema/run.log,/mnt/train-ticket-aitest/evomaster/evomaster-config/runtime-logs/methods/ts-order-service/user/EvoMaster_ts_order_service_user_faults/test_0_putOnOrderReturnsMismatchResponseWithSchema/run_stdout.log,/mnt/train-ticket-aitest/evomaster/evomaster-config/runtime-logs/methods/ts-order-service/user/EvoMaster_ts_order_service_user_faults/test_0_putOnOrderReturnsMismatchResponseWithSchema/run_stderr.log
ts-preserve-service,admin,EvoMaster_ts-preserve-service_admin_others.java,EvoMaster_ts_preserve_service_admin_others,test_0_postOnPreserveReturnsNull,False,1,,/api/v1/preserveservice/preserve,POST,,,3,".post(baseUrlOfSut + ""/api/v1/preserveservice/preserve"")",".body("" { "" + 
                        "" \""contactsId\"": \""5IXHuB\"", "" + 
                        "" \""tripId\"": \""6bYAL\"", "" + 
                        "" \""seatType\"": 452, "" + 
                        "" \""to\"": \""N\"", "" + 
                        "" \""foodName\"": \""cWjFPe1RG\"", "" + 
                        "" \""foodPrice\"": 0.2326689197289371, "" + 
                        "" \""storeName\"": \""34K0NiyzmYn\"", "" + 
                        "" \""consigneeName\"": \""VO\"", "" + 
                        "" \""consigneePhone\"": \""fdPz\"", "" + 
                        "" \""consigneeWeight\"": 0.26013933249600274 "" + 
                        "" } "")",".header(""Authorization"", ""Bearer eyJhbGciOiJIUzI1NiJ9.eyJzdWIiOiJhZG1pbiIsInJvbGVzIjpbIlJPTEVfQURNSU4iXSwiaWQiOiI3YWRkZDMyZC1lODgyLTQ4ZjUtODFkMi0wOGIwODE4NmNmMWIiLCJpYXQiOjE3Nzc4NzkxMjcsImV4cCI6MTc3Nzg4MjcyN30.VwywVTRiKZSLt9_dKLaFjQzhHBm1-HeJV3Y7BHKuorA"")",others,/mnt/train-ticket-aitest/evomaster/generated-tests/blackbox/ts-preserve-service/admin/EvoMaster_ts-preserve-service_admin_others.java,21,6,True,0,,0,0,,100.0,0,0,0,0,0,0,False,,/mnt/train-ticket-aitest/evomaster/evomaster-config/runtime-logs/classes/ts-preserve-service/admin/EvoMaster_ts_preserve_service_admin_others,/mnt/train-ticket-aitest/evomaster/evomaster-config/runtime-logs/classes/ts-preserve-service/admin/EvoMaster_ts_preserve_service_admin_others/compile.log,/mnt/train-ticket-aitest/evomaster/evomaster-config/runtime-logs/classes/ts-preserve-service/admin/EvoMaster_ts_preserve_service_admin_others/compile_stdout.log,/mnt/train-ticket-aitest/evomaster/evomaster-config/runtime-logs/classes/ts-preserve-service/admin/EvoMaster_ts_preserve_service_admin_others/compile_stderr.log,True,True,0,,0,False,14.1,11.65,151.87,Test passed (detected via Surefire XML),/mnt/train-ticket-aitest/evomaster/evomaster-config/runtime-logs/methods/ts-preserve-service/admin/EvoMaster_ts_preserve_service_admin_others/test_0_postOnPreserveReturnsNull,/mnt/train-ticket-aitest/evomaster/evomaster-config/runtime-logs/methods/ts-preserve-service/admin/EvoMaster_ts_preserve_service_admin_others/test_0_postOnPreserveReturnsNull/run.log,/mnt/train-ticket-aitest/evomaster/evomaster-config/runtime-logs/methods/ts-preserve-service/admin/EvoMaster_ts_preserve_service_admin_others/test_0_postOnPreserveReturnsNull/run_stdout.log,/mnt/train-ticket-aitest/evomaster/evomaster-config/runtime-logs/methods/ts-preserve-service/admin/EvoMaster_ts_preserve_service_admin_others/test_0_postOnPreserveReturnsNull/run_stderr.log
ts-preserve-service,none,EvoMaster_ts-preserve-service_none_faults.java,EvoMaster_ts_preserve_service_none_faults,test_0_postOnPreserveReturnsMismatchResponseWithSchema,False,1,503,/api/v1/preserveservice/preserve,POST,503,.statusCode(503) .assertThat(),6,".post(baseUrlOfSut + ""/api/v1/preserveservice/preserve"")",".body("" { "" + 
                    "" \""accountId\"": \""0wkfd0pybFa\"", "" + 
                    "" \""contactsId\"": \""98LNuZwU\"", "" + 
                    "" \""tripId\"": \""cNYA7Jz\"", "" + 
                    "" \""from\"": \""HKKh1\"", "" + 
                    "" \""foodPrice\"": 0.0772260399490059, "" + 
                    "" \""stationName\"": \""d\"", "" + 
                    "" \""consigneePhone\"": \""g0l\"", "" + 
                    "" \""isWithin\"": true "" + 
                    "" } "")",,faults,/mnt/train-ticket-aitest/evomaster/generated-tests/blackbox/ts-preserve-service/none/EvoMaster_ts-preserve-service_none_faults.java,21,6,True,0,,0,0,,100.0,0,0,0,0,0,0,False,,/mnt/train-ticket-aitest/evomaster/evomaster-config/runtime-logs/classes/ts-preserve-service/none/EvoMaster_ts_preserve_service_none_faults,/mnt/train-ticket-aitest/evomaster/evomaster-config/runtime-logs/classes/ts-preserve-service/none/EvoMaster_ts_preserve_service_none_faults/compile.log,/mnt/train-ticket-aitest/evomaster/evomaster-config/runtime-logs/classes/ts-preserve-service/none/EvoMaster_ts_preserve_service_none_faults/compile_stdout.log,/mnt/train-ticket-aitest/evomaster/evomaster-config/runtime-logs/classes/ts-preserve-service/none/EvoMaster_ts_preserve_service_none_faults/compile_stderr.log,False,True,1,java.lang.AssertionError;test_failure,1,False,14.62,12.71,174.29,"Tests run: 1, Failures: 1, Errors: 0, Skipped: 0",/mnt/train-ticket-aitest/evomaster/evomaster-config/runtime-logs/methods/ts-preserve-service/none/EvoMaster_ts_preserve_service_none_faults/test_0_postOnPreserveReturnsMismatchResponseWithSchema,/mnt/train-ticket-aitest/evomaster/evomaster-config/runtime-logs/methods/ts-preserve-service/none/EvoMaster_ts_preserve_service_none_faults/test_0_postOnPreserveReturnsMismatchResponseWithSchema/run.log,/mnt/train-ticket-aitest/evomaster/evomaster-config/runtime-logs/methods/ts-preserve-service/none/EvoMaster_ts_preserve_service_none_faults/test_0_postOnPreserveReturnsMismatchResponseWithSchema/run_stdout.log,/mnt/train-ticket-aitest/evomaster/evomaster-config/runtime-logs/methods/ts-preserve-service/none/EvoMaster_ts_preserve_service_none_faults/test_0_postOnPreserveReturnsMismatchResponseWithSchema/run_stderr.log
ts-preserve-service,user,EvoMaster_ts-preserve-service_user_faults.java,EvoMaster_ts_preserve_service_user_faults,test_0_postOnPreserveReturnsMismatchResponseWithSchema,False,1,503,/api/v1/preserveservice/preserve,POST,503,.statusCode(503) .assertThat(),6,".post(baseUrlOfSut + ""/api/v1/preserveservice/preserve"")",".body("" { "" + 
                    "" \""accountId\"": \""2pO6\"", "" + 
                    "" \""contactsId\"": \""NYzDmBg_7SpJQ2\"", "" + 
                    "" \""tripId\"": \""s\"", "" + 
                    "" \""foodType\"": 408, "" + 
                    "" \""foodName\"": \""Y_ysneA7y\"", "" + 
                    "" \""stationName\"": \""D\"", "" + 
                    "" \""handleDate\"": \""x\"", "" + 
                    "" \""consigneeName\"": \""\"", "" + 
                    "" \""consigneePhone\"": \""RoBibibBfWn5\"" "" + 
                    "" } "")",".header(""Authorization"", ""Bearer eyJhbGciOiJIUzI1NiJ9.eyJzdWIiOiJmZHNlX21pY3Jvc2VydmljZSIsInJvbGVzIjpbIlJPTEVfVVNFUiJdLCJpZCI6IjRkMmE0NmM3LTcxY2ItNGNmMS1iNWJiLWI2ODQwNmQ5ZGE2ZiIsImlhdCI6MTc3Nzg3OTEyOCwiZXhwIjoxNzc3ODgyNzI4fQ.omAkJ6ibHxUTR2bqoxe3CdGN4TIMp8cKOg6X58pyb_8"")",faults,/mnt/train-ticket-aitest/evomaster/generated-tests/blackbox/ts-preserve-service/user/EvoMaster_ts-preserve-service_user_faults.java,21,6,True,0,,0,0,,100.0,0,0,0,0,0,0,False,,/mnt/train-ticket-aitest/evomaster/evomaster-config/runtime-logs/classes/ts-preserve-service/user/EvoMaster_ts_preserve_service_user_faults,/mnt/train-ticket-aitest/evomaster/evomaster-config/runtime-logs/classes/ts-preserve-service/user/EvoMaster_ts_preserve_service_user_faults/compile.log,/mnt/train-ticket-aitest/evomaster/evomaster-config/runtime-logs/classes/ts-preserve-service/user/EvoMaster_ts_preserve_service_user_faults/compile_stdout.log,/mnt/train-ticket-aitest/evomaster/evomaster-config/runtime-logs/classes/ts-preserve-service/user/EvoMaster_ts_preserve_service_user_faults/compile_stderr.log,False,True,1,java.lang.AssertionError;test_failure,1,False,15.07,11.78,155.42,"Tests run: 1, Failures: 1, Errors: 0, Skipped: 0",/mnt/train-ticket-aitest/evomaster/evomaster-config/runtime-logs/methods/ts-preserve-service/user/EvoMaster_ts_preserve_service_user_faults/test_0_postOnPreserveReturnsMismatchResponseWithSchema,/mnt/train-ticket-aitest/evomaster/evomaster-config/runtime-logs/methods/ts-preserve-service/user/EvoMaster_ts_preserve_service_user_faults/test_0_postOnPreserveReturnsMismatchResponseWithSchema/run.log,/mnt/train-ticket-aitest/evomaster/evomaster-config/runtime-logs/methods/ts-preserve-service/user/EvoMaster_ts_preserve_service_user_faults/test_0_postOnPreserveReturnsMismatchResponseWithSchema/run_stdout.log,/mnt/train-ticket-aitest/evomaster/evomaster-config/runtime-logs/methods/ts-preserve-service/user/EvoMaster_ts_preserve_service_user_faults/test_0_postOnPreserveReturnsMismatchResponseWithSchema/run_stderr.log
